"TITRE de l'article";"DATE";"ID";"Collégien";"lycéen";"étudiant";"jeune diplômé";"parent";"équipe éducative et professionnels accompagnants";"métier";"formation/Etudes";"emploi";"agenda-événement";"procédure d’orientation";"handicap";"national";"régional";"académique";"multi-site";"international""";"";"";"";"";"";"";"";"";"";"";"";"";"";"";"";"";"";"";"";
"Téléchargez le guide gratuit &quot;Entrer en 6e&#10; – Découvrir le collège&quot; rentrée 2017";"42522";"867155, 870780";"1";"";"";"";"2";"3";"";"";"";"";"1";"";"X";"";"";"";"";
"Téléchargez le guide gratuit &quot;Après la 3e&quot; rentrée 2017";"42675";"845309, 845413";"1";"";"";"";"2";"3";"";"";"";"";"1";"";"X";"";"";"";"";
"Préparer sa rentrée au collège";"";"867747, 871389";"1";"";"";"";"2";"3";"";"";"";"";"1";"";"X";"";"";"";"";
"L&apos;inscription au collège";"42856";"860659, 862594";"1";"";"";"";"2";"3";"";"";"";"";"1";"";"X";"";"";"";"";
"Les principales dépenses à prévoir au collège";"42856";"852955, 856628";"1";"";"";"";"2";"3";"";"";"";"";"1";"";"X";"";"";"";"";
"Allocations, bourses : les aides financières au collège";"42856";"867271, 870899";"1";"";"";"";"2";"3";"";"";"";"";"1";"";"X";"";"";"";"";
"Organisation des études";"";"";"";"";"";"";"";"";"";"";"";"";"";"";"";"";"";"";"";
"Au collège : ce qui change dans ma vie d&apos;élève (dossier)";"";"852956, 856629";"1";"";"";"";"2";"3";"";"";"";"";"1";"";"X";"";"";"";"";
"Bien démarrer votre rentrée au collège";"42856";"852957, 856630";"1";"";"";"";"2";"3";"";"";"";"";"1";"";"X";"";"";"";"";
"Méthode de travail et nouvelles matières au collège";"42887";"852958, 856631";"1";"";"";"";"2";"3";"";"";"";"";"1";"";"X";"";"";"";"";
"Les parcours éducatifs : apprendre autrement";"42856";"867986, 871655";"1";"";"";"";"2";"                   ";"";"";"";"";"1";"";"X";"";"";"";"";
"L&apos;ENT, le portail numérique du collège";"42856";"867142, 870768";"1";"";"";"";"2";"3";"";"";"";"";"1";"";"X";"";"";"";"";
"Au collège, qui fait quoi ?";"42856";"859215, 862930";"1";"";"";"";"2";"3";"";"";"";"";"1";"";"X";"";"";"";"";
"Les instances officielles (dossier)";"";"852972, 856648";"1";"";"";"";"2";"3";"";"";"";"";"1";"";"X";"";"";"";"";
"Le conseil de classe : mieux comprendre ce rendez-vous trimestriel";"42856";"852980, 856653";"1";"";"";"";"2";"3";"";"";"";"";"1";"";"X";"";"";"";"";
"Le conseil de discipline : un arbitrage très encadré";"42856";"695131, 831026";"1";"";"";"";"2";"3";"";"";"";"";"1";"";"X";"";"";"";"";
"Parents, élèves : tout savoir sur la commission d&apos;appel";"42856";" 867844, 611460";"1";"";"";"";"2";"3";"";"";"";"";"1";"";"X";"";"";"";"";
"Les heures de vie de classe (HVC)";"42856";"781305, 789680";"1";"";"";"";"2";"3";"";"";"";"";"1";"";"X";"";"";"";"";
"Classes du collège";"";"";"";"";"";"";"";"";"";"";"";"";"";"";"";"";"";"";"";
"La classe de 6e";"42887";"433912 , 437749";"1";"";"";"";"2";"2";"";"";"";"";"1";"";"X";"";"";"";"";
"La classe de 5e";"42887";"852990, 856663";"1";"";"";"";"2";"2";"";"";"";"";"1";"";"X";"";"";"";"";
"La classe de 4e";"42887";"852989, 856662";"1";"";"";"";"2";"2";"";"";"";"";"1";"";"X";"";"";"";"";
"La classe de 3e";"42887";"852991, 856664";"1";"";"";"";"2";"2";"";"";"";"";"1";"";"X";"";"";"";"";
"Étudier les langues au collège (dossier)";"";"867147, 870773";"";"";"";"";"";"";"";"";"";"";"";"";"";"";"";"";"";
"Les langues étrangères au collège";"42856";"852995, 856668";"1";"";"";"";"2";"2";"";"";"";"";"1";"";"X";"";"";"";"";
"Les sections internationales au collège";"42856";"852997, 856670";"1";"";"";"";"2";"2";"";"";"";"";"1";"";"X";"";"";"";"";
"Les lycées franco-allemands";"42856";"867090, 870711";"1";"";"";"";"2";"2";"";"";"";"";"1";"";"X";"";"";"";"X";
"Les sections bilingues langues régionales au collège";"42856";"867091, 870712";"1";"";"";"";"2";"2";"";"";"";"";"1";"";"X";"";"";"";"";
"Les sections sportives de collège";"42856";"852994, 856667";"1";"";"";"";"2";"2";"";"";"";"";"1";"";"X";"";"";"";"";
"Les sections danse, musique, théâtre et arts plastiques au collège";"42856";"433920, 437757";"1";"";"";"";"2";"2";"";"";"";"";"1";"";"";"";"";"";"";
"Stages au collège";"";"";"";"";"";"";"";"";"";"";"";"";"";"";"";"";"";"";"";
"Découvrir l&apos;entreprise au collège : la 3e prépa-pro et le DIMA";"42856";"853002, 856675";"1";"";"";"";"2";"2";"2";"";"";"";"1";"";"X";"";"";"";"";
"Rechercher un stage de 3e : mode d’emploi";"42644";"674940, 831499";"1";"";"";"";"2";"2";"2";"";"";"";"1";"";"X";"";"";"";"";
"Réussir son rapport de stage : quelques consignes à suivre";"42491";"853000, 856673";"1";"";"";"";"2";"2";"2";"";"";"";"1";"";"X";"";"";"";"";
"Diplôme au collège";"";"";"";"";"";"";"";"";"";"";"";"";"";"";"";"";"";"";"";
"Le diplôme national du brevet (dossier)";"";"790379, 798830";"1";"";"";"";"2";"3";"";"";"";"";"1";"";"X";"";"";"";"";
"Présentation du brevet 2017";"42736";"878075, 881742";"1";"";"";"";"2";"2";"";"";"";"";"1";"";"X";"";"";"";"";
"Brevet 2017 : dates, épreuves, résultats";"42705";"896307, 900096";"1";"";"";"";"2";"2";"";"";"";"1";"2";"";"X";"";"";"";"";
"Les 3 épreuves écrites décryptées";"42705";"878077, 881743";"1";"";"";"";"2";"2";"";"";"";"";"1";"";"X";"";"";"";"";
"Le brevet : comment s&apos;y préparer ?";"42887";"878071, 782228";"1";"";"";"";"2";"2";"";"";"";"";"1";"";"X";"";"";"";"";
"Orientation au collège";"";"";"";"";"";"";"";"";"";"";"";"";"";"";"";"";"";"";"";
"Quel métier voudriez-vous faire plus tard ?";"42491";"853010, 856683";"1";"";"";"";"2";"2";"2";"";"";"";"1";"";"X";"";"";"";"";
"Le calendrier de l&apos;orientation post-3e";"42856";"858890, 862588";"1";"";"";"";"2";"2";"";"";"";"";"1";"";"X";"";"";"";"";
"Orientation post-3e : tout savoir sur la procédure d&apos;affectation en lycée";"42856";"853014, 856687";"1";"";"";"";"2";"2";"";"";"";"";"1";"";"X";"";"";"";"";
"Inscription au lycée : réussir son orientation post-3e";"42826";"853015, 856688";"1";"";"";"";"2";"2";"";"";"";"";"1";"";"X";"";"";"";"";
"Inscription en CFA : mode d&apos;emploi";"42795";"853021, 856694";"1";"";"";"";"2";"2";"";"";"";"";"1";"";"X";"";"";"";"";
"Collégiens à besoins spécifiques";"";"";"";"";"";"";"";"";"";"";"";"";"";"";"";"";"";"";"";
"L&apos;enseignement adapté : Segpa, Erea";"42522";"853022, 856695";"1";"";"";"";"2";"2";"";"";"";"";"1";"";"X";"";"";"";"";
"Les internats de la réussite (ex internats d&apos;excellence)";"42522";"853017, 856690";"1";"";"";"";"2";"3";"";"";"";"";"1";"";"";"";"";"";"";
"L&apos;accueil des nouveaux arrivants en France";"42522";"853023, 856696";"1";"1";"";"";"2";"2";"";"";"";"";"1";"";"X";"";"";"";"";
"Les ateliers, classes et internats relais";"42491";"853023, 856696";"1";"1";"";"";"2";"2";"";"";"";"";"1";"";"X";"";"";"";"";
"Les élèves intellectuellement précoces";"42826";"936566, 437764";"2";"";"";"";"1";"1";"";"";"";"";"1";"";"X";"";"";"";"";
"Les élèves en situation de handicap au collège";"42491";"853040, 856714";"2";"";"";"";"1";"1";"";"";"";"";"1";"1";"X";"";"";"";"";
"Téléchargez le guide gratuit Onisep &quot;Après la 2de générale et technologique&quot;,&#10; rentrée 2017";"42795";"577034, 831143";"";"1";"";"";"2";"2";"";"";"";"";"1";"";"X";"";"";"";
"Où s&apos;informer ? ";"41944";"433929, 437766";"";"1";"";"";"2";"2";"";"";"";"";"1";"";"X";"";"";"";
"FAQ";"42064";"903578, 907218";"";"1";"";"";"2";"2";"";"";"";"";"1";"";"X";"";"";"";
"Que faire après la 3e (PIF)";"42644";"853013, 856686";"";"1";"";"";"2";"2";"";"";"";"";"1";"";"X";"";"";"";
"Schéma des études après un CAP";"42005";"453801, 457792";"";"1";"";"";"2";"2";"";"";"";"";"1";"";"X";"";"";"";
"Procédure admission post bac";"";"";"";"";"";"";"";"";"";"";"";"";"";"";"";"";"";"";
"Admission Post Bac : tout savoir sur la procédure 2017 (dossier)";"";"557948, 486704";"";"1";"2";"";"3";"3";"";"";"";"";"1";"";"X";"";"";"";
"APB : calendrier des admissions post bac session 2017";"42736";"624674, 831109";"";"1";"2";"";"3";"3";"";"";"";"1";"";"";"X";"";"";"";
"Admission Post Bac, qui est concerné ?";"42675";"563837, 486707";"";"1";"2";"";"3";"3";"";"";"";"";"";"";"X";"";"";"";
"Quelles formations sont gérées par APB ?";"42736";"563838, 486709";"";"1";"2";"";"3";"3";"";"2";"";"";"1";"";"X";"";"";"";
"APB : la procédure complémentaire";"42767";"625453, 632724";"";"1";"2";"";"";"";"";"";"";"";"1";"";"X";"";"";"";
"Procédure APB : le recrutement dans les filières sélectives";"42614";"675438, 831110";"";"";"";"";"";"3";"";"";"";"";"1";"";"X";"";"";"";
"Procédure APB : les étapes décryptées";"42675";"563839, 486710";"";"1";"2";"";"3";"3";"";"";"";"";"1";"";"X";"";"";"";
"Formuler ses voeux sur APB : les réponses à vos questions (FAQ)";"42767";"694895, 831112";"";"1";"2";"";"3";"3";"";"";"";"";"1";"";"X";"";"";"";
"Les formations hors Admission post-bac (dossier)";"";"790380, 798831";"";"1";"2";"";"4";"3";"";"2";"";"";"1";"";"X";"";"";"";
"S&apos;inscrire dans une école du social";"42767";"790650, 831118";"";"1";"2";"";"3";"3";"";"2";"";"";"1";"";"X";"";"";"";
"Hors APB : le point sur les écoles de commerce après le bac";"42856";"488255, 831117";"";"1";"2";"";"3";"3";"";"2";"";"";"1";"";"X";"";"";"";
"Ecoles paramédicales : les inscriptions sont ouvertes";"42767";"790657, 831119";"";"1";"2";"";"3";"3";"";"3";"";"2";"1";"";"x";"";"";"";
"APB/Hors APB : le point sur les écoles d&apos;ingénieurs";"42767";"790658, 831120";"";"1";"2";"";"3";"3";"";"3";"";"2";"1";"";"XX";"";"";"";
"Inscriptions en art : mode d&apos;emploi";"42767";"813239, 820791";"";"1";"2";"";"3";"3";"";"3";"";"";"1";"";"X";"";"";"";
"Université : les inscriptions hors APB";"42795";"783265, 791716";"";"1";"2";"";"3";"3";"";"3";"";"";"1";"";"X";"";"";"";
"Mon coach apb";"42795";"613220, 831113";"";"1";"2";"";"3";"3";"";"";"";"";"1";"";"X";"";"";"";
"Au lycée générale et technologique";"";"";"";"";"";"";"";"";"";"";"";"";"";"";"";"";"";"";
"La classe de seconde générale et technologique (dossier)";"";"434257, 438095";"1";"1";"";"";"2";"2";"";"";"";"";"1";"";"X";"";"";"";
"Le programme de la seconde générale et technologique ";"42675";"434415, 438284";"1";"1";"";"";"2";"2";"";"";"";"";"1";"";"x";"";"";"";
"Le calendrier de l&apos;orientation en classe de 2de";"42522";"604248, 611154";"";"1";"";"";"2";"2";"";"";"";"1";"1";"";"X";"";"";"";
"Choisir sa série de bac après la seconde";"42125";"481802, 831058";"";"1";"";"";"2";"2";"";"";"";"";"1";"";"X";"";"";"";
"Les enseignements d&apos;exploration de seconde (Dossier)";"42795";"434257,  438095)";"1";"1";"";"";"2";"2";"";"";"";"";"1";"";"X";"";"";"";
"Organisation des enseignements d&apos;exploration";"42795";"878291, 881982";"1";"1";"";"";"2";"2";"";"";"";"";"1";"";"X";"";"";"";
"Quels sont les enseignements d&apos;exploration de seconde ?";"42795";"434420, 438289";"1";"1";"";"";"2";"2";"";"";"";"";"1";"";"X";"";"";"";
"L&apos;économie en seconde : choisir son enseignement d&apos;exploration";"42795";"773882, 831079";"1";"1";"";"";"2";"2";"";"";"";"";"1";"";"X";"";"";"";
"Choisir Biotechnologies ou Sciences et laboratoire ?";"42795";"709823, 717913";"1";"1";"";"";"2";"2";"2";"";"";"";"1";"";"X";"";"";"";
"Choisir &quot;création et innovation technologiques&quot; ou &quot;sciences de l&apos;ingénieur&quot; ?";"42795";"782953, 831082";"1";"1";"";"";"2";"2";"2";"";"";"";"1";"";"X";"";"";"";
"Enseignement d&apos;exploration en 2de : pourquoi choisir &quot;Santé et social&quot; ?";"42795";"774795, 711248";"1";"1";"";"";"2";"2";"2";"";"";"";"1";"";"X";"";"";"";
"Sciences économiques et sociales";"42795";"659278, 831070";"1";"1";"";"";"2";"2";"2";"";"";"";"1";"";"X";"";"";"";
"Principes fondamentaux de l&apos;économie et de la gestion";"42795";"658921, 831060";"1";"1";"";"";"2";"2";"2";"";"";"";"1";"";"X";"";"";"";
"Biotechnologies";"42795";"659280, 831071";"1";"1";"";"";"2";"2";"2";"";"";"";"1";"";"X";"";"";"";
"Création et activités artistiques : Arts du son";"42795";"659282, 831072";"1";"1";"";"";"2";"2";"2";"";"";"";"1";"";"X";"";"";"";
"Création et activités artistiques : Arts du spectacle";"42795";"659307, 831076";"1";"1";"";"";"2";"2";"2";"";"";"";"1";"";"X";"";"";"";
"Création et activités artistiques : Arts visuels";"42795";"659309, 831077";"1";"1";"";"";"2";"2";"2";"";"";"";"1";"";"X";"";"";"";
"Création et activités artistiques : Patrimoine";"42795";"659313, 831078";"1";"1";"";"";"2";"2";"2";"";"";"";"1";"";"X";"";"";"";
"Création et innovation technologiques";"42795";"659250, 831067";"1";"1";"";"";"2";"2";"2";"";"";"";"1";"";"X";"";"";"";
"Écologie, agronomie, territoire et développement durable";"42795";"658931, 831061";"1";"1";"";"";"2";"2";"2";"";"";"";"1";"";"X";"";"";"";
"Informatique et création numérique";"42736";"783789, 792211";"1";"1";"";"";"2";"2";"2";"";"";"";"1";"";"X";"";"";"";
"Langue vivante 3 étrangère ou régionale ";"42795";"658935, 831062";"1";"1";"";"";"2";"2";"2";"";"";"";"1";"";"X";"";"";"";
"Langues et cultures de l&apos;Antiquité : Latin";"42795";"659124, 831063";"1";"1";"";"";"2";"2";"2";"";"";"";"1";"";"X";"";"";"";
"Langues et cultures de l&apos;Antiquité :Grec";"42795";"659173, 831064";"1";"1";"";"";"2";"2";"2";"";"";"";"1";"";"X";"";"";"";
"Littérature et société";"42795";"659177, 831065";"1";"1";"";"";"2";"2";"2";"";"";"";"1";"";"X";"";"";"";
"Méthodes et pratiques scientifiques";"42795";"659181, 831066";"1";"1";"";"";"2";"2";"2";"";"";"";"1";"";"X";"";"";"";
"Santé et social";"42795";"781552, 831081";"1";"1";"";"";"2";"2";"2";"";"";"";"1";"";"X";"";"";"";
"Sciences de l&apos;ingénieur";"42795";"659285, 831074";"1";"1";"";"";"2";"2";"2";"";"";"";"1";"";"X";"";"";"";
"Sciences et laboratoire";"42795";"659284, 831073";"1";"1";"";"";"2";"2";"2";"";"";"";"1";"";"X";"";"";"";
"Arts du cirque";"42795";"659257, 831068";"1";"1";"";"";"2";"2";"2";"";"";"";"1";"";"X";"";"";"";
"Education physique et sportive";"42795";"659261, 831069";"1";"1";"";"";"2";"2";"2";"";"";"";"1";"";"X";"";"";"";
"Création et culture design : un enseignement d&apos;exploration artistique";"42795";"780068, 831080";"1";"1";"";"";"2";"2";"2";"";"";"";"1";"";"X";"";"";"";
"Les bacs généraux (dossier)";"";"43425, 438090";"1";"1";"";"";"2";"2";"2";"";"";"";"1";"";"X";"";"";"";
"Le bac ES (économique et social)";"42795";"434410, 438279";"";"1";"";"";"2";"2";"2";"2";"";"";"1";"";"X";"";"";"";
"Le bac L (littéraire)";"42795";"434417,  438286";"";"1";"";"";"2";"2";"2";"2";"";"";"1";"";"X";"";"";"";
"Le bac S (scientifique) ";"42795";"434422, 438291";"";"1";"";"";"2";"2";"2";"2";"";"";"1";"";"X";"";"";"";
"Les bacs technologiques (dossier)";"";"434251, 438089";"";"1";"";"";"2";"2";"2";"2";"";"";"1";"";"X";"";"";"";
"Le bac STI2D (sciences et technologies de l&apos;industrie et du développement durable) ";"42795";"435235, 439156";"";"1";"";"";"2";"2";"2";"2";"";"";"1";"";"X";"";"";"";
"Le bac STD2A (sciences et technologies du design et des arts appliqués) ";"42795";"434416, 438285";"";"1";"";"";"2";"2";"2";"2";"";"";"1";"";"X";"";"";"";
"Le bac STL (sciences et technologie de laboratoire)";"42795";"434416, 438285";"";"1";"";"";"2";"2";"2";"2";"";"";"1";"";"X";"";"";"";
"Le bac ST2S (sciences et technologies de la santé et du social) session 2014 ";"42795";"576646, 583289";"";"1";"";"";"2";"2";"2";"2";"";"";"1";"";"X";"";"";"";
"Le bac STMG (sciences et technologies du management et de la gestion)&#10; (dossier)  ";"42795";"434419, 438288";"";"1";"";"";"2";"2";"2";"2";"";"";"1";"";"X";"";"";"";
"STMG, queles spécialités choisir ?";"42186";"790297, 798744";"";"1";"";"";"2";"2";"2";"2";"";"";"1";"";"X";"";"";"";
"STMG gestion finance";"42186";"790301, 798748";"";"1";"";"";"2";"2";"2";"2";"";"";"1";"";"X";"";"";"";
"STMG ressources humaines";"42186";"790299, 798746";"";"1";"";"";"2";"2";"2";"2";"";"";"1";"";"X";"";"";"";
"STMG mercatique";"42186";"790300, 798747";"";"1";"";"";"2";"2";"2";"2";"";"";"1";"";"X";"";"";"";
"STMG systèmes d&apos;information de gestion";"42186";"790298, 798745";"";"1";"";"";"2";"2";"2";"2";"";"";"1";"";"X";"";"";"";
"Le bac STAV (sciences et technologies de l’agronomie et du vivant) ";"42795";"577001,  583692";"";"1";"";"";"2";"2";"2";"2";"";"";"1";"";"X";"";"";"";
"Le bac TMD (techniques de la musique et de la danse) ";"42795";"577003, 583694";"";"1";"";"";"2";"2";"2";"2";"";"";"1";"";"X";"";"";"";
"Le bac STHR";"42795";"577005, 583695";"";"1";"";"";"2";"2";"2";"2";"";"";"1";"";"X";"";"";"";
"Où trouvez les résultats du bac ?";"42887";"723344, 731401";"";"1";"2";"";"2";"3";"";"";"";"2";"1";"";"X";"";"";"";
"Les épreuves de 1re et de terminale du baccalauréat";"42856";"586832, 593568";"";"1";"";"";"2";"2";"";"";"";"";"1";"";"X";"";"";"";
"Quels sont les épreuves du bac en première ?";"42887";"935555, 938665";"";"1";"";"";"2";"3";"";"";"";"";"1";"";"X";"";"";"";
"Quelles sont les épreuves du bac en terminale?";"42887";"935547, 937589";"";"1";"";"";"2";"3";"";"";"";"";"1";"";"X";"";"";"";
"Les oraux de rattrapage du bac";"";"867969, 871635";"";"1";"";"";"2";"3";"";"";"";"";"1";"";"X";"";"";"";
"Rattrapage du bac : êtes-vous concerné ?";"42856";"935580, 871639";"";"1";"";"";"2";"3";"";"";"";"";"1";"";"X";"";"";"";
"Le rattrapage du bac étape par étape";"42856";"935580, 871639";"";"1";"";"";"2";"3";"";"";"";"";"1";"";"X";"";"";"";
"Rattrapage du bac : les clés pour réussir";"42856";"935582, 871640";"";"1";"";"";"2";"3";"";"";"";"";"1";"";"X";"";"";"";
"Orientation active : favoriser la transition avec le sup (dossier)";"";"637517, 644896";"";"1";"";"";"2";"3";"";"";"";"";"1";"";"X";"";"";"";
"Orientation active : réussir la transition du lycée au sup";"42736";"637533, 644913";"";"1";"";"";"2";"3";"";"";"";"";"1";"";"X";"";"";"";
"L’avis d’orientation active : pour bien choisir sa L1";"42736";"637516, 644895";"";"1";"";"";"2";"3";"";"2";"";"";"1";"";"X";"";"";"";
"Avis d’expert : avec l&apos;orientation active, mieux connaître l&apos;université et ses filières";"42736";"637546, 644924";"";"1";"";"";"2";"3";"";"";"";"";"1";"";"X";"";"";"";
"orientation : 5 raisons de se rendre sur les salons";"42675";"760531, 768736";"";"1";"";"";"2";"3";"";"2";"";"";"1";"";"X";"";"";"";
"Après le bac : les différentes poursuites d&apos;études";"42644";"434405, 438274";"";"1";"1";"";"2";"3";"";"2";"";"";"1";"";"X";"";"";"";
"Au lycée professionnel et au CFA";"";"";"";"";"";"";"";"";"";"";"";"";"";"";"";"";"";"";
"Choisir la voie professionnelle";"42856";"434430, 438299";"1";"1";"";"";"2";"3";"2";"2";"";"";"1";"";"X";"";"";"";
"Le bac professionnel ";"42522";"";"";"";"";"";"";"";"";"";"";"";"";"";"X";"";"";"";
"Des classes prépa spéciales bacs pros";"41913";"665037, 831146";"1";"1";"";"";"2";"3";"2";"2";"";"";"1";"";"X";"";"";"";
"Le CAP (dossier)";"";"603841, 610724";"1";"1";"";"";"2";"3";"2";"2";"";"";"1";"";"X";"";"";"";
"Le CAP : études, programme…";"42522";"767854, 438302";"1";"1";"";"";"2";"3";"2";"2";"";"";"1";"";"X";"";"";"";
"Après le CAP, s&apos;insérer dans la vie active ";"42522";"767853, 610921)";"1";"1";"";"";"2";"2";"2";"3";"";"";"1";"";"X";"";"";"";
"Après le CAP, poursuivre des études c&apos;est possible";"42522";"767852, 438300";"1";"1";"";"";"2";"2";"2";"3";"";"";"1";"";"X";"";"";"";
"Préparer un CAP ou un bac en alternance";"42826";"587670, 594474";"1";"2";"";"";"2";"2";"2";"3";"";"";"1";"";"X";"";"";"";
"Dispositifs spécifiques";"";"";"";"";"";"";"";"";"";"";"";"";"";"";"";"";"";"";
"Les dispositifs pour l&apos;égalité des chances";"42064";"587216, 593967";"1";"1";"";"";"1";"2";"2";"2";"";"";"1";"";"X";"";"";"";
"Les écoles de la 2e chance";"42614";"739850, 747837";"1";"1";"";"";"1";"2";"";"";"";"";"1";"";"X";"";"";"";
"Les aides à la scolarité au lycée (allocations, bourses…)";"42461";"528926, 831103";"";"1";"";"";"1";"2";"";"";"";"";"1";"";"X";"";"";"";
"Lycéens décrocheurs : les établissement pour reprendre des études";"42614";"433930, 437767";"";"1";"";"";"1";"2";"";"";"";"";"1";"";"X";"";"";"";
"Les élèves en situation de handicap au lycée";"42856";"732163, 437768";"1";"1";"";"";"1";"2";"2";"2";"";"";"1";"";"X";"";"";"";
"L’accueil des nouveaux arrivants en France";"42826";"853023, 856696";"1";"1";"";"";"1";"1";"";"";"";"";"1";"";"X";"";"";"";
"Les sections linguistiques au lycée (dossier)";"";"790381, 798832";"1";"1";"";"";"1";"";"1";"2";"";"";"1";"";"X";"";"";"";
"Les sections européennes ou de langues orientales (SELO)";"41852";"665208, 831105";"";"1";"";"";"2";"2";"";"";"";"";"1";"";"X";"";"";"";
"Les sections internationales";"41852";"665210, 831106";"";"1";"";"";"1";"2";"";"";"";"";"1";"";"X";"";"";"";
"Les sections binationales (AbiBac, Bachibac, Esabac)";"41852";"665216, 831107";"";"1";"";"";"1";"2";"";"";"";"";"1";"";"X";"";"";"";
"&#10;Les sections bilingues langues régionales";"41852";"665218, 831108";"1";"1";"";"";"1";"2";"";"";"";"";"1";"";"X";"";"";"";
"Les sections artistiques et sportives au lycée";"41609";"433932, 437769";"";"1";"";"";"2";"2";"";"";"";"";"1";"";"X";"";"";"";
"Stages d’anglais gratuits pour les lycéens ";"42795";"488474, 831102";"";"1";"";"";"2";"2";"";"";"";"";"1";"";"X";"";"";"";
"Guide gratuit &quot;Entrer dans le sup après le bac&quot; ";"42705";"734292, 742295";"";"1";"";"";"2";"";"";"";"";"";"1";"";"X";"";"";"";
"FAQ";"42856";"434266, 438104";"";"1";"";"";"2";"";"";"";"";"";"1";"";"X";"";"";"";
"Les différents services de l’université";"42856";"434265, 438103";"";"1";"";"";"2";"3";"";"";"";"";"1";"";"X";"";"";"";
"Trouver un logement étudiant : les démarches à faire";"42614";"433890, 437727";"";"1";"1";"";"2";"";"";"";"";"";"1";"";"X";"";"";"";
"Financer ses études : bourses, aides, prêts";"42614";"433908, 437745";"";"1";"1";"";"2";"";"";"";"";"";"1";"";"X";"";"";"";
"S&apos;occuper de sa santé : mutuelle, aides…";"42614";"433907, 437744";"";"1";"1";"";"2";"";"";"";"";"";"1";"";"X";"";"";"";
"S&apos;informer en cas de handicap";"41699";"550024, 556416";"";"1";"1";"";"2";"";"";"";"";"";"1";"2";"X";"";"";"";
"Quelles études après le bac";"42675";"480504, 485837";"";"1";"1";"";"2";"";"";"2";"";"";"1";"";"X";"";"";"";
"Que faire après le bac";"";"";"";"";"";"";"";"";"";"";"";"";"";"";"";"";"";"";
"Quiz études supérieures : savez-vous vraiment ce qui vous attend  à la rentrée ?";"42552";"666805, 831149";"";"1";"2";"";"";"";"";"";"";"";"1";"";"X";"";"";"";
"Que faire après le bac ES ? (dossier)";"";"";"";"";"";"";"";"";"";"";"";"";"";"";"";"";"";"";
"L’université après le bac économique et social (ES) ";"42644";"433827, 437664";"";"1";"2";"";"3";"3";"";"2";"";"";"1";"";"X";"";"";"";
"Les BTS et DUT après le bac économique et social (ES) ";"42644";" 631792, 639135";"";"1";"2";"";"3";"3";"";"2";"";"";"1";"";"X";"";"";"";
"Les écoles spécialisées après le bac économique et social (ES) ";"42644";"631791, 639133";"";"1";"2";"";"3";"3";"";"2";"";"";"1";"";"X";"";"";"";
"Les classes préparatoires aux grandes écoles après le bac économique&#10; et social (ES) ";"42644";"433857, 437694";"";"1";"2";"";"3";"3";"";"2";"";"";"1";"";"X";"";"";"";
"Que faire après le bac L ? (dossier)";"";"";"";"";"";"";"3";"3";"";"";"";"";"";"";"";"";"";"";
"L’université après le bac littéraire (L) ";"42644";"433828, 437665";"";"1";"2";"";"3";"3";"";"2";"";"";"1";"";"X";"";"";"";
"Les BTS et DUT après le bac littéraire (L)";"42644";"433832, 437669";"";"1";"2";"";"3";"3";"";"2";"";"";"1";"";"X";"";"";"";
"Les écoles spécialisées après le bac littéraire (L) ";"42644";"433845,  437682";"";"1";"2";"";"3";"3";"";"2";"";"";"1";"";"X";"";"";"";
"Les classes préparatoires aux grandes écoles après le bac littéraire";"42644";"433858, 437695";"";"1";"2";"";"3";"3";"";"2";"";"";"1";"";"X";"";"";"";
"Que faire après le bac S ?  (dossier)";"";"";"";"";"";"";"";"";"";"2";"";"";"1";"";"X";"";"";"";
"L’université après le bac scientifique (S) ";"42644";"433829, 437666";"";"1";"2";"";"3";"3";"";"";"";"";"";"";"";"";"";"";
"Les classes préparatoires aux grandes écoles après le bac &#10;scientifique (S) ";"42644";"433839, 437676";"";"1";"2";"";"3";"3";"3";"2";"";"";"1";"";"X";"";"";"";
"Les BTS et DUT après le bac scientifique (S)";"42644";"433843, 437680";"";"1";"2";"";"3";"3";"";"2";"";"";"1";"";"X";"";"";"";
"Les écoles spécialisées après le bac scientifique (S)";"42644";"433855, 437692";"";"1";"2";"";"3";"3";"";"2";"";"";"1";"";"X";"";"";"";
"Que faire après le bac hôtellerie ? (dossier)";"";"";"";"";"";"";"";"";"";"";"";"";"";"";"";"";"";"";
"Les BTS et DUT après le bac hôtellerie ";"42644";"433817, 437654";"";"1";"2";"";"3";"3";"";"2";"";"";"1";"";"X";"";"";"";
"Les formations spécialisées après le bac hôtellerie ";"42644";"433830, 437667";"";"1";"2";"";"3";"3";"";"2";"";"";"1";"";"X";"";"";"";
"L’université après le bac hôtellerie ";"42644";"433850, 437687";"";"1";"2";"";"3";"3";"";"2";"";"";"1";"";"X";"";"";"";
"Que faire après le bac TMD ? ";"42644";"433824, 437661";"";"1";"2";"";"3";"3";"";"2";"";"";"1";"";"X";"";"";"";
"Que faire après le bac ST2S ? (dossier)";"";"";"";"";"";"";"";"";"";"";"";"";"";"";"";"";"";"";
"Les BTS, DUT et DEUST en paramédical et social ";"42644";"433820, 437657";"";"1";"2";"";"3";"3";"3";"2";"";"";"1";"";"X";"";"";"";
"Les écoles spécialisées en paramédical et social ";"42644";"433835, 437672";"";"1";"2";"";"3";"3";"3";"2";"";"";"1";"";"X";"";"";"";
"L’université dans le domaine paramédical et social ";"42644";"433851, 437688";"";"1";"2";"";"3";"3";"";"2";"";"";"1";"";"X";"";"";"";
"Que faire après le bac STAV ? ";"42644";"";"";"1";"2";"";"3";"3";"2";"2";"";"";"1";"";"X";"";"";"";
"Que faire après le bac STMG ? (dossier)";"";"";"";"";"";"";"";"";"";"";"";"";"";"";"";"";"";"";
"Les BTS et DUT après le bac STMG";"42644";"433821, 437658";"";"1";"2";"";"3";"3";"3";"2";"";"";"1";"";"X";"";"";"";
"L’université après le bac STMG";"42644";"433840, 437677";"";"1";"2";"";"3";"3";"";"2";"";"";"1";"";"X";"";"";"";
"La filière expertise comptable apèrs le bac STMG ";"42614";"879282, 883038";"";"1";"2";"";"3";"3";"";"2";"";"";"1";"";"X";"";"";"";
"Les écoles après le bac STMG";"42644";"433846, 437683";"";"1";"2";"";"3";"3";"";"2";"";"";"1";"";"X";"";"";"";
"Les classes préparatoires aux grandes écoles après le bac STMG";"42644";"433856, 437693";"";"1";"2";"";"3";"3";"";"2";"";"";"1";"";"X";"";"";"";
"Que faire après le bac STL ? (dossier)";"";"";"";"";"";"";"";"";"";"";"";"";"";"";"";"";"";"";
"Les BTS, DUT et DEUST après le bac STL";"42644";"433823, 437660";"";"1";"2";"";"3";"3";"3";"2";"";"";"1";"";"X";"";"";"";
"L’université après le bac STL";"42644";"433841, 437678";"";"1";"2";"";"3";"3";"";"2";"";"";"1";"";"X";"";"";"";
"Les écoles spécialisées après le bac STL";"42644";"433847, 437684";"";"1";"2";"";"3";"3";"";"2";"";"";"1";"";"X";"";"";"";
"Les classes préparatoires aux grandes écoles après le bac STL";"42644";"433861, 437698";"";"1";"2";"";"3";"3";"";"2";"";"";"1";"";"X";"";"";"";
"Que faire après le bac STI2D ? (dossier)";"";"";"";"";"";"";"";"";"";"";"";"";"";"";"";"";"";"";
"Les BTS et DUT après le bac STI2D";"42644";"433822, 437659";"";"1";"2";"";"3";"3";"3";"2";"";"";"1";"";"X";"";"";"";
"Les écoles après le bac STI2D ";"42644";"433836, 437673";"";"1";"2";"";"3";"3";"";"2";"";"";"1";"";"X";"";"";"";
"L’université après le bac STI2D ";"42644";"433816, 437653";"";"1";"2";"";"3";"3";"";"2";"";"";"1";"";"X";"";"";"";
"Les classes préparatoires aux grandes écoles près le bac STI2D";"42644";"433860, 437697";"";"1";"2";"";"3";"3";"";"2";"";"";"1";"";"X";"";"";"";
"Que faire après le bac STD2A ?";"42644";"433819, 437656";"";"1";"2";"";"3";"3";"3";"2";"";"";"1";"";"X";"";"";"";
"Que faire après un bac pro ? (dossier)";"";"";"";"";"";"";"";"";"";"";"";"";"";"";"";"";"";"";
"Poursuivre des études après un bac professionnel";"42856";"928720, 915510";"";"1";"2";"";"3";"3";"";"2";"";"";"1";"";"X";"";"";"";
"Après le bac pro : les formations en 1 an ";"42644";"433838, 437675";"";"1";"2";"";"3";"3";"";"2";"";"";"1";"";"X";"";"";"";
"Après un bac pro : objectif bac +2 ou bac +3  ";"42826";"433825, 437662";"";"1";"2";"";"3";"3";"";"2";"";"";"1";"";"X";"";"";"";
"Après le bac pro : les formations en 1 an ";"42644";"";"";"";"";"";"";"";"";"";"";"";"";"";"";"";"";"";
"Après un bac pro : objectif bac + 5 ";"42644";"433849, 437686";"";"1";"2";"";"3";"3";"";"2";"";"";"1";"";"X";"";"";"";
"Que faire sans le bac ? (dossier)";"";"";"";"";"";"";"";"";"";"";"";"";"";"";"";"";"";"";
"Que faire sans le bac ? Se présenter de nouveau ";"42644";"433826, 437663";"";"1";"2";"";"3";"3";"";"2";"";"";"1";"";"X";"";"";"";
"Que faire sans le bac ? Continuer ses études";"42644";"433833, 437670";"";"1";"2";"";"3";"3";"";"2";"";"";"1";"";"X";"";"";"";
"Étudier tout en travaillant avec l&apos;alternance";"42644";"844702, 838357";"";"1";"2";"";"3";"3";"3";"2";"";"";"1";"";"X";"";"";"";
"Travailler dans la fonction publique";"42644";"790417, 798868";"";"1";"2";"";"3";"3";"";"";"";"";"1";"2";"X";"";"";"";
"Que faire sans le bac ? Reprendre des études plus tard";"42644";"556016, 562443";"";"1";"2";"";"3";"3";"";"2";"";"";"1";"";"X";"";"";"";
"Organisation des études supérieures";"";"";"";"";"";"";"";"";"";"";"";"";"";"";"";"";"";"";
"Schéma des études";"41883";"613263, 620261";"";"1";"1";"1";"2";"2";"";"1";"";"";"1";"";"X";"";"";"";
"Entrer à l&apos;université : les mises à niveau possibles";"42186";"783115, 791542";"";"1";"1";"";"2";"2";"";"1";"";"";"1";"";"X";"";"";"";
"La capacité en droit";"42614";"879659, 883416";"";"1";"1";"";"2";"2";"2";"1";"";"";"1";"";"X";"";"";"";
"Les BTS/BTSA (dossier)";"";"";"";"";"";"";"";"";"";"";"";"";"";"";"";"";"";"";
"L’admission en BTS/BTSA";"42614";"433869, 437706";"";"1";"2";"";"2";"2";"2";"1";"";"";"1";"";"X";"";"";"";
"L’organisation des études en BTS/BTSA";"42614";"433882, 437719";"";"1";"2";"";"2";"2";"";"1";"";"";"1";"";"X";"";"";"";
"Que faire après un BTS/BTSA ? ";"42614";"433887, 437724";"";"1";"1";"";"2";"2";"2";"1";"";"";"1";"";"X";"";"";"";
"Les DUT";"42614";"433883, 437720";"";"1";"1";"";"2";"2";"2";"1";"";"";"1";"";"X";"";"";"";
"Les DEUST";"42614";"434268, 438106";"";"1";"1";"";"2";"2";"2";"1";"";"";"1";"";"X";"";"";"";
"La licence pro";"42614";"740828, 437704";"";"2";"1";"";"2";"2";"2";"1";"";"";"1";"";"X";"";"";"";
"Les licences (dossier)";"42614";"790393, 798844";"";"";"";"";"";"";"";"";"";"";"";"";"";"";"";"";
"L&apos;organisation des licences";"42552";"695446, 703357";"";"1";"1";"";"2";"2";"";"1";"";"";"1";"";"X";"";"";"";
"Les mentions de licences du domaine arts, lettres et langues";"42614";"695448, 703358";"";"1";"1";"";"2";"2";"";"1";"";"";"1";"";"X";"";"";"";
"&#10;Les mentions de licences du domaine sciences humaines et sociales";"42614";"695457, 703368";"";"1";"1";"";"2";"2";"2";"1";"";"";"1";"";"X";"";"";"";
"Les mentions de licences du domaine droit, économie et gestion";"42614";"695453, 703362";"";"1";"1";"";"2";"2";"2";"1";"";"";"1";"";"X";"";"";"";
"Les mentions de licences du domaine sciences, technologie et santé";"42675";"695456, 703365";"";"1";"1";"";"2";"2";"2";"1";"";"";"1";"";"X";"";"";"";
"Licence de mathématiques : cap sur 1001 secteurs !";"42156";"689560, 831276";"";"1";"1";"";"2";"2";"2";"1";"";"";"1";"";"X";"";"";"";
"Licence de physique ";"42675";"681299, 831274";"";"1";"1";"";"2";"2";"2";"1";"";"";"1";"";"X";"";"";"";
"Licence de chimie ";"42675";"666809, 831269";"";"1";"1";"";"2";"2";"2";"1";"";"";"1";"";"X";"";"";"";
"&#10;Les licences des sciences de la Terre";"42675";"703494, 711524";"";"1";"1";"";"2";"2";"2";"1";"";"";"1";"";"X";"";"";"";
"Licence de biologie";"42767";"659371, 831267";"";"1";"1";"";"2";"2";"2";"1";"";"";"1";"";"X";"";"";"";
"La licence d’informatique : les bases pour devenir informaticien";"42795";"695903, 703828";"";"1";"1";"";"2";"2";"2";"1";"";"";"1";"";"X";"";"";"";
"Licence d’électronique : la physique appliquée pour innover";"42675";"688887, 831275";"";"1";"1";"";"2";"2";"2";"1";"";"";"1";"";"X";"";"";"";
"Les licences en mécanique";"42736";"740389, 748432";"";"1";"1";"";"2";"2";"2";"1";"";"";"1";"";"X";"";"";"";
"Les licences en génie civil";"42736";"740388, 748427";"";"1";"1";"";"2";"2";"2";"1";"";"";"1";"";"X";"";"";"";
"Les licences de STAPS";"42644";"433905, 437742";"";"1";"1";"";"2";"2";"2";"1";"";"";"1";"";"X";"";"";"";
"Réussir sa licence de sciences en 3 étapes";"42767";"681082, 831273";"";"1";"1";"";"2";"2";"";"1";"";"";"1";"";"X";"";"";"";
"Réussir sa licence de sciences : bien choisir sa voie dès le lycée";"42768";"675524, 831270";"";"1";"1";"";"2";"2";"";"1";"";"";"1";"";"X";"";"";"";
"Réussir sa licence de sciences : ajuster ses méthodes de travail dès la rentrée";"42769";"675525, 831271";"";"1";"1";"";"2";"2";"";"1";"";"";"1";"";"X";"";"";"";
"Réussir sa licence de sciences : se motiver sur la durée";"42770";"675526, 831272 ";"";"1";"1";"";"2";"2";"";"1";"";"";"1";"";"X";"";"";"";
"Les masters";"42795";"740799, 437705";"";"";"1";"";"";"2";"2";"1";"";"";"1";"";"X";"";"";"";
"Les doctorats ";"42614";"433866,  437703";"";"";"1";"";"";"2";"2";"1";"";"";"1";"";"X";"";"";"";
"Les études en classes préparatoires";"42675";"433881, 437718";"";"1";"1";"";"2";"2";"";"1";"";"";"1";"";"X";"";"";"";
"Bac par bac : quelle filière de classe prépa choisir ?";"42644";"682043, 831157";"";"";"";"";"";"";"";"";"";"";"";"";"";"";"";"";
"Les prépas scientifiques et technologiques (dossier)";"";"790374, 798824";"";"1";"1";"";"2";"2";"2";"1";"";"";"1";"";"X";"";"";"";
"Les prépas scientifiques ; halte aux idées reçues";"42887";"790370, 749042";"";"1";"1";"";"2";"2";"2";"1";"";"";"1";"";"X";"";"";"";
"La voie MPSI  mathématiques, physique et sciences de l’ingénieur";"42705";"791292, 831170";"";"1";"1";"";"2";"2";"2";"1";"";"";"1";"";"X";"";"";"";
"La voie PCSI physique, chimie et sciences de l’ingénieur";"42705";"791286, 831168";"";"1";"1";"";"2";"2";"2";"1";"";"";"1";"";"X";"";"";"";
"La voie PTSI : physique, technologie et sciences de l’ingénieur";"42705";"791305, 831176";"";"1";"1";"";"2";"2";"2";"1";"";"";"1";"";"X";"";"";"";
"La filière PSI : physique et sciences de l’ingénieur";"42705";"791290, 831169";"";"1";"1";"";"2";"2";"2";"1";"";"";"1";"";"X";"";"";"";
"La voie BCPST : biologie, chimie, physique et sciences de la Terre ";"42705";"791296, 831171";"";"1";"1";"";"2";"2";"2";"1";"";"";"1";"";"X";"";"";"";
"La voie TPC : technologie, physique et chimie";"42705";"791298, 831172";"";"1";"1";"";"2";"2";"2";"1";"";"";"1";"";"X";"";"";"";
"La prépa TB : technologie et biologie";"42705";"791301, 831173";"";"1";"1";"";"2";"2";"2";"1";"";"";"1";"";"X";"";"";"";
"La voie TSI : technologie et sciences industrielles";"42705";"791304, 831175";"";"1";"1";"";"2";"2";"2";"1";"";"";"1";"";"X";"";"";"";
"&#10;Les prépas ATS et post-BTSA/BTS/DUT ";"42705";"791303, 831174";"";"1";"1";"";"2";"2";"2";"1";"";"";"1";"";"X";"";"";"";
"Les prépas économiques et commerciales (dossier)";"";"790383, 798834";"";"1";"1";"";"2";"2";"2";"1";"";"";"1";"";"X";"";"";"";
"La prépa ECS : économique et commerciale, option scientifique";"42644";"681536, 831185";"";"1";"1";"";"2";"2";"2";"1";"";"";"1";"";"X";"";"";"";
"La prépa ECE économique et commerciale, option économique";"42644";"681542, 831186";"";"1";"1";"";"2";"2";"2";"1";"";"";"1";"";"X";"";"";"";
" La prépa ECT, économique et commerciale, option technologique";"42644";"681543, 831187";"";"1";"1";"";"2";"2";"2";"1";"";"";"1";"";"X";"";"";"";
"La prépa ENS économie et gestion, option D2 ";"42644";"681545, 831189";"";"1";"1";"";"2";"2";"2";"1";"";"";"1";"";"X";"";"";"";
"La prépa ENS économie et gestion, option D1 ";"42644";"681544, 831188";"";"1";"1";"";"2";"2";"2";"1";"";"";"1";"";"X";"";"";"";
"La prépa ATS économie et gestion ";"42644";"805445, 813867";"";"1";"1";"";"2";"2";"2";"1";"";"";"1";"";"X";"";"";"";
"Les prépas littéraires  (dossier)";"";"790382, 798833";"";"1";"1";"";"2";"2";"2";"1";"";"";"1";"";"X";"";"";"";
"La prépa ENS Lettres (1e année)";"42491";"681612, 831177";"";"1";"1";"";"2";"2";"2";"1";"";"";"1";"";"X";"";"";"";
"La prépa Lettres Lyon (Khâgne)";"42491";"681614, 831179";"";"1";"1";"";"2";"2";"2";"1";"";"";"1";"";"X";"";"";"";
"La prépa Lettres Ulm ( khâgne)";"42491";"681613, 831178";"";"1";"1";"";"2";"2";"2";"1";"";"";"1";"";"X";"";"";"";
"La prépa lettres et sciences sociales (LSS)";"42491";"681777, 831180";"";"1";"1";"";"2";"2";"2";"1";"";"";"1";"";"X";"";"";"";
"La prépa Saint-Cyr Lettres";"42491";"681779, 831182";"";"1";"1";"";"2";"2";"2";"1";"";"";"1";"";"X";"";"";"";
"La prépa Chartes";"42491";"681778, 831181";"";"1";"1";"";"2";"2";"2";"1";"";"";"1";"";"X";"";"";"";
"La prépa arts &amp; Design";"42491";"681842, 831183";"";"1";"1";"";"2";"2";"2";"1";"";"";"1";"";"X";"";"";"";
"Quiz : Testez vos conanisances sur les classes prépas";"42644";"";"";"";"";"";"";"";"";"";"";"";"";"";"";"";"";"";
"Les CPES classes préparatoires aux études supérieures ";"42826";"631952, 831163";"";"1";"1";"";"2";"2";"2";"1";"";"";"1";"";"X";"";"";"";
"Les écoles spécialisées (dossier)";"";"792613, 801138";"";"1";"1";"";"2";"2";"";"1";"";"";"1";"";"X";"";"";"";
"Admission";"42614";"740984, 749049";"";"1";"1";"";"2";"2";"2";"1";"";"";"1";"";"X";"";"";"";
"Diplômes";"42614";"740995, 749052";"";"1";"1";"";"2";"2";"2";"1";"";"";"1";"";"X";"";"";"";
"Les études";"42614";"740998, 749062";"";"1";"1";"";"2";"2";"2";"1";"";"";"1";"";"X";"";"";"";
"Et après ?";"42614";"740999,  749064";"";"1";"1";"";"2";"2";"2";"1";"";"";"1";"";"X";"";"";"";
"Principaux domaines d&apos;études";"";"";"";"";"";"";"";"";"";"";"";"";"";"";"";"";"";"";
"Les études médicales (dossier)";"";"556388, 562824";"";"1";"1";"";"2";"2";"";"1";"";"";"1";"";"X";"";"";"";
"La PACES";"42826";"695221, 831220";"";"1";"1";"";"2";"2";"2";"1";"";"";"1";"";"X";"";"";"";
"La PACES : organisation de la 1re année des études de santé";"42826";"841664, 839197";"";"1";"1";"";"2";"2";"2";"1";"";"";"1";"";"X";"";"";"";
"Se réorienter après le 1er semestre de PACES ";"42675";"695349, 831222";"";"1";"1";"";"2";"2";"2";"1";"";"";"1";"";"X";"";"";"";
"Etudes de santé : se réorienter en fin de PACES";"42064";"695348, 831221";"";"1";"1";"";"2";"2";"2";"1";"";"";"1";"";"X";"";"";"";
"Alternatives à la PACES : les projets mis en place par les universités";"42887";"761784, 770043";"";"1";"1";"";"2";"2";"2";"1";"";"";"1";"";"X";"";"";"";
"Les études de médecine";"42795";"556394, 562830";"";"1";"1";"";"2";"2";"2";"1";"";"";"1";"";"X";"";"";"";
"Les études d’odontologie";"42795";"556395, 562831";"";"1";"1";"";"2";"2";"2";"1";"";"";"1";"";"X";"";"";"";
"Les études de pharmacie";"42795";"556396, 562832";"";"1";"1";"";"2";"2";"2";"1";"";"";"1";"";"X";"";"";"";
"Les études de sage-femme";"42795";"556397, 562833";"";"1";"1";"";"2";"2";"2";"1";"";"";"1";"";"X";"";"";"";
"Les diplômes de l&apos;animation";"42675";"754824, 763013";"";"1";"1";"";"2";"2";"2";"1";"";"";"1";"";"X";"";"";"";
"La formation des enseignants";"42005";"666343, 831253";"";"1";"1";"";"2";"2";"2";"1";"";"";"1";"";"X";"";"";"";
"Les écoles d&apos;agronomie (dossier)";"";"791659, 800152";"";"1";"1";"";"2";"2";"2";"1";"";"";"1";"";"X";"";"";"";
"Ecoles d’agronomie : quelles voies d’accès ?";"42767";"767829, 831318";"";"1";"1";"";"2";"2";"2";"1";"";"";"1";"";"X";"";"";"";
"Ecole d’agronomie : une spécialisation progressive";"42767";"767828, 831317";"";"1";"1";"";"2";"2";"2";"1";"";"";"1";"";"X";"";"";"";
"Ecoles d’agronomie : quels débouchés ?";"42767";"767830 : 831319";"";"1";"1";"";"2";"2";"2";"1";"";"";"1";"";"X";"";"";"";
"Les écoles d&apos;architecture";"42644";"556677,  563143";"";"1";"1";"";"2";"2";"2";"1";"";"";"1";"";"X";"";"";"";
"Les écoles d&apos;art (dossier)";"";"556676, 563140";"";"1";"1";"";"2";"2";"2";"1";"";"";"1";"";"X";"";"";"";
"Les écoles des beaux-arts";"42675";"556692, 563159";"";"1";"1";"";"2";"2";"2";"1";"";"";"1";"";"X";"";"";"";
"Les écoles nationales supérieures d&apos;art";"42795";"556713, 563182";"";"1";"1";"";"2";"2";"2";"1";"";"";"1";"";"X";"";"";"";
"Les écoles supérieures d&apos;arts appliqués (ESAA)";"42736";"556750, 563218";"";"1";"1";"";"2";"2";"2";"1";"";"";"1";"";"X";"";"";"";
"La MANAA (mise à niveau en arts appliqués)";"42430";"639799, 831233";"";"1";"1";"";"2";"2";"2";"1";"";"";"1";"";"X";"";"";"";
"L’année préparatoire aux écoles d’art";"42430";"639815, 831235";"";"1";"1";"";"2";"2";"2";"1";"";"";"1";"";"X";"";"";"";
"Les conservatoires";"42309";"556762, 563233";"";"1";"1";"";"2";"2";"2";"1";"";"";"1";"";"X";"";"";"";
"Les écoles du patrimoine";"42309";"615483, 622604";"";"1";"1";"";"2";"2";"2";"1";"";"";"1";"";"X";"";"";"";
"Études d’art, quel bac choisir ?";"";"640922,  831237";"";"1";"1";"";"2";"2";"2";"1";"";"";"1";"";"X";"";"";"";
"Inscriptions en art : mode d&apos;emploi";"42795";"813239,  820791";"";"1";"1";"";"2";"2";"2";"1";"";"";"1";"";"X";"";"";"";
"QUIZ spécial études d’art";"42309";"640909, 831236";"";"1";"1";"";"2";"2";"2";"1";"";"";"1";"";"X";"";"";"";
"Les études en vidéo";"";"852730, 856416";"";"1";"1";"";"2";"2";"2";"1";"";"";"1";"";"X";"";"";"";
"Ecoles d’audiovisuel : focus sur les formations";"42795";"746717,  754771";"";"1";"1";"";"2";"2";"2";"1";"";"";"1";"";"X";"";"";"";
"Les écoles de commerce (dossier)";"";"576155, 582777";"";"1";"1";"";"2";"2";"2";"1";"";"";"1";"";"X";"";"";"";
"Quel profil en écoles de commerce ?";"42705";"688663, 831242";"";"1";"1";"";"2";"2";"2";"1";"";"";"1";"";"X";"";"";"";
"Choisir une école de commerce";"42705";"688667, 831243";"";"1";"1";"";"2";"2";"2";"1";"";"";"1";"";"X";"";"";"";
"Intégrer une école de commerce";"42705";"688674,  831244";"";"1";"1";"";"2";"2";"2";"1";"";"";"1";"";"X";"";"";"";
"Choisir une école de commerce après le bac ou après une prépa";"42705";"688827, 831245";"";"1";"1";"";"2";"2";"2";"1";"";"";"1";"";"X";"";"";"";
"Les écoles d&apos;ingénierie après le bac";"42370";"703305, 711322";"";"1";"1";"";"2";"2";"2";"1";"";"";"1";"";"X";"";"";"";
"Les écoles d&apos;ingénieurs (dossier)";"";"790385, 798836";"";"1";"1";"";"2";"2";"2";"1";"";"";"1";"";"X";"";"";"";
"Quiz spécial écoles d’ingénieurs";"42826";"746538, 631732";"";"1";"1";"";"2";"2";"2";"1";"";"";"1";"";"X";"";"";"";
"5 bonnes raisons de faire une école d’ingénieurs";"42826";"746539, 631573";"";"1";"1";"";"2";"2";"2";"1";"";"";"1";"";"X";"";"";"";
"Ecoles d’ingénieurs : et si j’avais le profil ?";"42795";"541861, 831282";"";"1";"1";"";"2";"2";"2";"1";"";"";"1";"";"X";"";"";"";
"Les différentes voies d’accès en école d’ingénieurs";"42795";"746541, 631551";"";"1";"1";"";"2";"2";"2";"1";"";"";"1";"";"X";"";"";"";
"Concours des écoles d&apos;ingénieurs, mode d&apos;emploi";"42826";"723288, 731376";"";"1";"1";"";"2";"2";"2";"1";"";"";"1";"";"X";"";"";"";
"Etudier en école d&apos;ingénieurs : à quoi s&apos;attendre ?";"42826";"746542, 632015";"";"1";"1";"";"2";"2";"2";"1";"";"";"1";"";"X";"";"";"";
"Réussir sa rentrée en école d&apos;ingénieurs (Témoignage)";"42795";"746820, 831309";"";"1";"1";"";"2";"2";"2";"1";"";"";"1";"";"X";"";"";"";
"Ecoles d&apos;ingénieurs : à quel moment se spécialiser ?";"42826";"810953, 623516";"";"1";"1";"";"2";"2";"2";"1";"";"";"1";"";"X";"";"";"";
"Zoom sur les écoles d&apos;ingénieurs universitaires";"42826";"810954, 831310";"";"1";"1";"";"2";"2";"2";"1";"";"";"1";"";"X";"";"";"";
"Ecoles d&apos;ingénieurs : halte aux idées reçues";"42795";"747310, 755390";"";"1";"1";"";"2";"2";"2";"1";"";"";"1";"";"X";"";"";"";
"L&apos;apprentissage en école d&apos;ingénieurs ";"";"689065,  831323";"";"1";"1";"";"2";"2";"2";"1";"";"";"1";"";"X";"";"";"";
"Devenir ingénieur par l&apos;alternance : organisation et rythme des études&#10;&#10;";"42826";"746808, 831303";"";"1";"1";"";"2";"2";"2";"1";"";"";"1";"";"X";"";"";"";
"Intégrer une filière d&apos;ingénieurs en apprentissage : les démarches";"42826";"746807, 831302";"";"1";"1";"";"2";"2";"2";"1";"";"";"1";"";"X";"";"";"";
"Zoom sur les écoles d&apos;ingénieurs universitaires";"42826";"810954, 831310";"";"1";"1";"";"2";"2";"2";"1";"";"";"1";"";"X";"";"";"";
"Les écoles d’ingénieurs militaires ";"42705";"746544, 748403";"";"1";"1";"";"2";"2";"2";"1";"";"";"1";"";"X";"";"";"";
"Les écoles de journalisme ";"41913";"665631, 831251";"";"1";"1";"";"2";"2";"2";"1";"";"";"1";"";"X";"";"";"";
"Les écoles normales supérieures (ENS)";"42064";"556386, 562822";"";"1";"1";"";"2";"2";"2";"1";"";"";"1";"";"X";"";"";"";
"Les écoles de gendarmerie";"42644";"790825, 799358";"";"1";"1";"";"2";"2";"2";"1";"";"";"1";"";"X";"";"";"";
"Les écoles de police";"42644";"681473, 831255";"";"1";"1";"";"2";"2";"2";"1";"";"";"1";"";"X";"";"";"";
"Les écoles du paramédical";"41883";"556527, 562968";"";"1";"1";"";"2";"2";"2";"1";"";"";"1";"";"X";"";"";"";
"Les écoles du social";"42125";"556390, 562826";"";"1";"1";"";"2";"2";"2";"1";"";"";"1";"";"X";"";"";"";
"Les écoles de la défense (dossier)";"";"887183, 890933";"";"1";"1";"";"2";"2";"2";"1";"";"";"1";"";"X";"";"";"";
"Armée de l&apos;air";"42644";"790813, 799346";"";"1";"1";"";"2";"2";"2";"1";"";"";"1";"";"X";"";"";"";
"Armée de terre";"";"790814, 799348";"";"1";"1";"";"2";"2";"2";"1";"";"";"1";"";"X";"";"";"";
"Marine nationale";"";"790815, 799349";"";"1";"1";"";"2";"2";"2";"1";"";"";"1";"";"X";"";"";"";
"Armement";"";"790822, 799356";"";"1";"1";"";"2";"2";"2";"1";"";"";"1";"";"X";"";"";"";
"Les formations du services de santé des armées";"";"790826, 799359";"";"1";"1";"";"2";"2";"2";"1";"";"";"1";"";"X";"";"";"";
"Les écoles nationales vétérinaires (ENV)";"42736";"556384, 562820";"";"1";"1";"";"2";"2";"2";"1";"";"";"1";"";"X";"";"";"";
"La filière expertise comptable (dossier)";"";"790387, 798838";"";"1";"1";"";"2";"2";"2";"1";"";"";"1";"";"X";"";"";"";
"Expertise comptable : Trois diplômes pour une filière";"42064";"682099, 831311";"";"1";"1";"";"2";"2";"2";"1";"";"";"1";"";"X";"";"";"";
"Le diplôme de comptabilité et de gestion (DCG) : Bac +3";"42064";"682180, 831312";"";"1";"1";"";"2";"2";"2";"1";"";"";"1";"";"X";"";"";"";
"&#10;Le diplôme supérieur de comptabilité et de gestion (DSCG) : Bac +5";"42064";"682184, 831313";"";"1";"1";"";"2";"2";"2";"1";"";"";"1";"";"X";"";"";"";
"Le diplôme d’expertise-comptable (DEC) : Bac +8";"42064";"682187, 831314";"";"1";"1";"";"2";"2";"2";"1";"";"";"1";"";"X";"";"";"";
"Quel parcours pour décrocher le DSCG ?";"42064";"682188, 831315";"";"1";"1";"";"2";"2";"2";"1";"";"";"1";"";"X";"";"";"";
"Les Instituts d&apos;Etudes Politiques (IEP) (dossier)";"";"576942, 583630";"";"1";"1";"";"2";"2";"2";"1";"";"";"1";"";"X";"";"";"";
"Intégrer un IEP : tous les niveaux d&apos;accès";"42675";"682660,  831247";"";"1";"1";"";"2";"2";"2";"1";"";"";"1";"";"X";"";"";"";
"Entrée en IEP : les autres procédures d&apos;admission";"42675";"688635, 831248";"";"1";"1";"";"2";"2";"2";"1";"";"";"1";"";"X";"";"";"";
"Les études en IEP";"42675";"576980, 583669";"";"1";"1";"";"2";"2";"2";"1";"";"";"1";"";"X";"";"";"";
"Après un IEP : quels métiers exercer ?";"42675";"576981, 583670";"";"1";"1";"";"2";"2";"2";"1";"";"";"1";"";"X";"";"";"";
"Conseils et stratégie d&apos;études";"";"";"";"";"";"";"";"";"";"";"";"";"";"";"";"";"";"";
"Réussir en licence";"";"602858, 609674";"";"1";"1";"";"2";"2";"";"2";"";"";"1";"";"X";"";"";"";
"Bien s’organiser, bien gérer son temps";"42856";"602859,  609675";"";"1";"1";"";"2";"2";"";"2";"";"";"1";"";"X";"";"";"";
"S’informer dès le lycée sur les études en licence";"42856";"602860, 609676";"";"1";"1";"";"2";"2";"";"2";"";"";"1";"";"X";"";"";"";
"Se faire accompagner et conseiller";"42856";"602861, 609677";"";"1";"1";"";"2";"2";"";"2";"";"";"1";"";"X";"";"";"";
"Savoir rebondir, se réorienter";"42856";"602862, 609678";"";"1";"1";"";"2";"2";"";"2";"";"";"1";"";"X";"";"";"";
"S’investir dans la vie associative ";"42856";"602863, 609679";"";"1";"1";"";"2";"2";"";"2";"";"";"1";"";"X";"";"";"";
"QUIZ spécial université : les vraies-fausses idées sur la fac";"41306";"602864, 609680";"";"1";"1";"";"2";"2";"";"2";"";"";"1";"";"X";"";"";"";
"Réussir en master ";"";"790388, 798839";"";"1";"1";"";"2";"2";"";"2";"";"";"1";"";"X";"";"";"";
"Préparer son entrée en master &#10;&#10;&#10;";"42125";"695580, 703488";"";"1";"1";"";"2";"2";"";"2";"";"";"1";"";"X";"";"";"";
"Master : décrypter l’offre";"42795";"695587, 703498";"";"1";"1";"";"2";"2";"";"2";"";"";"1";"";"X";"";"";"";
"&#10;7 questions à se poser pour bien choisir son master";"42795";"695585, 703495";"";"1";"1";"";"2";"2";"";"2";"";"";"1";"";"X";"";"";"";
"Franchir la sélection à l’entrée en M1  ";"42795";"695575, 703484";"";"1";"1";"";"2";"2";"";"2";"";"";"1";"";"X";"";"";"";
"Réussir son stage de master";"42887";"695589, 703500";"";"1";"1";"";"2";"2";"";"2";"";"";"1";"";"X";"";"";"";
"Stage de fin d’études : 5 questions à se poser";"42644";"695583, 703493";"";"1";"1";"";"2";"2";"";"2";"";"";"1";"";"X";"";"";"";
"Master, mastère, MBA… s&apos;y retrouver dans les appellations ";"";"790389, 798840";"";"1";"1";"";"2";"2";"";"2";"";"";"1";"";"X";"";"";"";
"Le master";"42795";"652093, 831325";"";"1";"1";"";"2";"2";"";"2";"";"";"1";"";"X";"";"";"";
"Le grade de master ";"42095";"652100, 831326";"";"1";"1";"";"2";"2";"";"2";"";"";"1";"";"X";"";"";"";
"Le mastère spécialisé (MS) ";"42095";"652104, 831327";"";"1";"1";"";"2";"2";"";"2";"";"";"1";"";"X";"";"";"";
"Le mastère en sciences (MSc)";"42095";"652105, 831328";"";"1";"1";"";"2";"2";"";"2";"";"";"1";"";"X";"";"";"";
"Le Master of sciences (MSc) ";"42098";"652106, 831329";"";"1";"1";"";"2";"2";"";"2";"";"";"1";"";"X";"";"";"";
"Le master of business administration (MBA)";"42099";"652108, 831330";"";"1";"1";"";"2";"2";"";"2";"";"";"1";"";"X";"";"";"";
"&#10;Le &quot;master&quot; d’école";"42100";"652111, 831331";"";"1";"1";"";"2";"2";"";"2";"";"";"1";"";"X";"";"";"";
"Quelle reconnaissance pour les diplômes du supérieur ?";"";"790390, 798841";"";"1";"1";"";"2";"2";"";"2";"";"";"1";"";"X";"";"";"";
"Les diplômes nationaux ";"42125";"652914, 831332";"";"1";"1";"";"2";"2";"";"2";"";"";"1";"";"X";"";"";"";
"&#10;Les grades (licence, master, doctorat)";"42125";"652917, 831333";"";"1";"1";"";"2";"2";"";"2";"";"";"1";"";"X";"";"";"";
"&#10;Le titre d’ingénieur";"42125";"652918, 831334";"";"1";"1";"";"2";"2";"";"2";"";"";"1";"";"X";"";"";"";
"&#10;Les diplômes visés";"42125";"652920, 831335";"";"1";"1";"";"2";"2";"";"2";"";"";"1";"";"X";"";"";"";
"Le label de la CGE";"42125";"652921, 831336";"";"1";"1";"";"2";"2";"";"2";"";"";"1";"";"X";"";"";"";
"Les titres répertoriés au RNCP";"42125";"652923, 831337";"";"1";"1";"";"2";"2";"";"2";"";"";"1";"";"X";"";"";"";
"Les certificats d’écoles";"42125";"652925, 831338";"";"1";"1";"";"2";"2";"";"2";"";"";"1";"";"X";"";"";"";
"Diplômes : bientôt un service d’attestation numérique";"42675";"821571, 828441";"";"1";"1";"";"2";"2";"";"2";"";"";"1";"";"X";"";"";"";
"L&apos;alternance dans l’enseignement supérieur";"";"867030, 870652";"";"1";"1";"";"2";"2";"2";"2";"";"";"1";"";"X";"";"";"";
"Alternance dans l’enseignement supérieur : état des lieux";"41883";"587669, 594471";"";"1";"1";"";"2";"2";"2";"2";"";"";"1";"";"X";"";"";"";
"L&apos;apprentissage en écoles de commerce";"42064";"774800, 831324";"";"1";"1";"";"2";"2";"2";"2";"";"";"1";"";"X";"";"";"";
"L&apos;apprentissage à l&apos;université";"41944";"648612, 656086";"";"1";"1";"";"2";"2";"2";"2";"";"";"1";"";"X";"";"";"";
"L&apos;apprentissage en écoles d&apos;ingénieurs";"42826";"689065, 831323";"";"1";"1";"";"2";"2";"2";"2";"";"";"1";"";"X";"";"";"";
"Réorientation, quel scénario pour moi ?";"42856";"602890, 609707";"";"1";"1";"";"2";"2";"";"2";"";"";"1";"";"X";"";"";"";
"Se réorienter à l’université, c’est possible ";"42309";"624890, 831339";"";"1";"1";"";"2";"2";"";"2";"";"";"1";"";"X";"";"";"";
"L&apos;école expliquée aux parents";"";"892790, 896594";"";"";"";"";"";"";"";"";"";"";"";"";"";"";"";"";
"La mission de l&apos;École";"42309";"810821, 819146";"";"";"";"";"1";"2";"";"";"";"";"1";"";"X";"";"";"";
"L&apos;entrée à l&apos;école, l&apos;organisation de l&apos;école primaire";"42401";"839102, 845416";"";"";"";"";"1";"2";"";"";"";"";"1";"";"X";"";"";"";
"Le collège, le lycée et après";"42401";"843501, 847942";"";"";"";"";"1";"2";"";"";"";"";"1";"";"X";"";"";"";
"L&apos;organisation de la vie à l’école";"42430";"839109, 845417";"";"";"";"";"1";"2";"";"";"";"";"1";"";"X";"";"";"";
"L&apos;école dès 2 ans, c’est possible !";"42125";"859945, 863647";"";"";"";"";"1";"2";"";"";"";"";"1";"";"X";"";"";"";
"La rentrée scolaire 2016 au collège";"42522";"860669, 864396";"";"";"";"";"1";"2";"";"";"";"";"1";"";"";"";"";"";
"Téléchargez le guide gratuit Onisep &quot;Entrer en 6e – Découvrir le collège&quot; rentrée 2017";"42491";"731626, 739648";"";"";"";"";"1";"2";"";"";"";"";"1";"";"X";"";"";"";
"Vos questions nos réponses";"";"783229, 791676";"";"";"";"";"";"";"";"";"";"";"";"";"";"";"";"";
"Ecole élémentaire Mon enfant est en CM2";"42461";"783758, 792194";"";"";"";"";"1";"2";"";"";"";"";"1";"2";"X";"";"";"";
"Mon enfant est au collège (dossier)";"";"790432, 798885";"";"";"";"";"";"";"";"";"";"";"";"";"";"";"";"";
"Mon enfant est en 6e";"42461";"783760, 792196";"2";"";"";"";"1";"2";"";"";"";"";"1";"2";"X";"";"";"";
"Mon enfant est en 5e ou en 4e";"42461";"783710, 792143";"2";"";"";"";"1";"2";"";"";"";"";"1";"2";"X";"";"";"";
"Mon enfant est en 3e";"42461";"783700, 792133";"2";"";"";"";"1";"2";"";"";"";"";"1";"2";"X";"";"";"";
"Mon enfant est au Lycée (dossier)";"";"792052, 800563";"";"";"";"";"";"";"";"";"";"";"";"";"";"";"";"";
"Mon enfant est en seconde";"42309";"792056, 800567";"";"2";"";"";"1";"2";"";"";"";"";"1";"2";"X";"";"";"";
"Mon enfant est en première";"42309";"792055, 800566";"";"2";"";"";"1";"2";"";"";"";"";"1";"2";"X";"";"";"";
"Mon enfant est en terminale";"42309";"792057, 800568";"";"2";"";"";"1";"2";"";"2";"";"";"1";"3";"X";"";"";"";
"Mon enfant est en CAP";"42309";"792058, 800569";"";"2";"";"";"1";"2";"";"2";"3";"";"1";"4";"X";"";"";"";
"Mon enfant est en bac pro";"42309";"792054,  800565";"";"2";"";"";"1";"2";"";"2";"3";"";"1";"4";"X";"";"";"";
"Mon enfant est apprenti/e (dossier)";"";"792053, 800564";"";"";"";"";"";"";"";"";"";"";"";"";"";"";"";"";
"Mon enfant est en CAP en apprentissage";"42309";"804687,  813302";"";"2";"";"";"1";"2";"";"2";"3";"";"1";"4";"X";"";"";"";
"Mon enfant est en bac pro en apprentissage";"42309";"804688, 813303";"";"2";"";"";"1";"2";"";"2";"3";"";"1";"4";"X";"";"";"";
"Mon enfant fait des études supérieures";"";"";"";"";"";"";"";"";"";"";"";"";"";"";"";"";"";"";
"Mon enfant est étudiant";"42309";"792068, 800580";"";"";"2";"";"1";"2";"";"2";"";"";"1";"4";"X";"";"";"";
"Comprendre l&apos;école : l&apos;entrée en 6e ";"";"866841, 870500";"";"";"";"";"";"";"";"";"";"";"";"";"";"";"";"";
"l&apos;entrée en 6e";"";"860654  864384";"2";"";"";"";"1";"";"";"";"";"";"1";"";"X";"";"";"";
"L&apos;inscription au collège";"42522";"860659, 862594";"2";"";"";"";"1";"";"";"";"";"";"1";"";"X";"";"";"";
"Les interlocuteurs au collège";"42522";"860799, 864519";"2";"";"";"";"1";"2";"";"";"";"";"1";"";"X";"";"";"";
"Comment suivre la scolarité de mon enfant au collège";"42522";"860657, 864387";"2";"";"";"";"1";"2";"";"";"";"";"1";"";"X";"";"";"";
"Aider mon enfant pour son projet d&apos;orientation";"";"";"";"";"";"";"";"";"";"";"";"";"";"";"";"";"";"";
"Kit Parents : Aider mon enfant pour son projet d&apos;orientation";"42644";"885878, 889583";"2";"";"";"";"1";"2";"";"";"";"";"1";"";"X";"";"";"";
"Discuter avec votre enfant";"42491";"514924, 520897";"";"";"";"";"1";"2";"";"";"";"";"1";"";"X";"";"";"";
"Trouver un stage en entreprise";"42644";"716104, 724296";"1";"1";"1";"";"1";"2";"2";"";"";"";"1";"";"X";"";"";"";
"Aider mon enfant à s&apos;orienter après la 3e";"";"";"";"";"";"";"";"";"";"";"";"";"";"";"";"";"";"";
"Kit Parents : Aider mon enfant à s&apos;orienter après la 3e";"42675";"892464, 896255";"";"";"";"";"";"";"";"";"";"";"";"";"";"";"";"";
"Guides-d-orientation";"";"845305, 849235";"2";"";"";"";"1";"2";"2";"2";"";"";"1";"";"X";"";"";"";
"Choisir la voie professionnelle";"42522";"434430, 438299";"2";"2";"";"";"1";"2";"1";"2";"";"";"1";"";"X ";"";"";"";
"La classe de seconde générale et technologique";"42064";"434257, 438095";"";"2";"";"";"1";"2";"";"";"";"";"1";"";"X";"";"";"";
"Aider mon enfant à s&apos;orienter après le Bac";"";"";"";"";"";"";"";"";"";"";"";"";"";"";"";"";"";"";
"Kit Parents : aider mon enfant à s&apos;orienter après le bac ";"";"903218, 906886";"";"2";"2";"";"1";"2";"";"";"";"";"1";"";"X";"";"";"";
"Que faire après le bac ?";"";"337926, 341763";"";"2";"2";"";"1";"2";"";"";"";"";"1";"";"X";"";"";"";
"Sport: STAPS ou pas ?";"";"821421, 828330";"";"2";"2";"";"1";"2";"";"";"";"";"1";"";"X";"";"";"";
"Psycho ou pas ? ";"";"903408, 907047";"";"";"";"";"1";"2";"";"";"";"";"1";"";"X";"";"";"";
"Représentants des parents d&apos;élèves (dossier)";"";"879050, 882803";"";"";"";"";"";"";"";"";"";"";"";"";"";"";"";"";
"Le calendrier scolaire";"42614";"878099, 88177";"1";"1";"1";"1";"1";"1";"";"";"";"1";"";"";"X";"";"";"";
"Conseil d&apos;école, conseil de classe, commission d&apos;appel..";"42614";"878101, 881774";"2";"2";"";"";"1";"2";"";"";"";"";"1";"";"X";"";"";"";
"Les élections des représentants des parents d&apos;élèves";"42583";"878100, 881773";"";"";"";"";"1";"2";"";"";"";"";"1";"";"X";"";"";"";
"Les représentants de parents d&apos;élèves : ce qu&apos;il faut savoir";"42614";"878083, 881750";"";"";"";"";"1";"2";"";"";"";"";"1";"";"X";"";"";"";
"Présentation des principales associations de parents d&apos;élèves";"42644";"878866, 882613";"";"";"";"";"1";"2";"";"";"";"";"1";"";"X";"";"";"";
"Des représentants de parents d&apos;élèves témoignent";"42644";"879099, 882854";"";"";"";"";"1";"2";"";"";"";"";"1";"";"X";"";"";"";
"Agriculture ";"";"";"";"";"";"";"";"";"";"";"";"";"";"";"X";"";"";"";
"Les métiers et l&apos;emploi dans l&apos;agriculture";"42912";"893573, 897415";"";"1";"2";"";"3";"3";"1";"";"2";"";"3";"";"";"";"";"";
"Les formations pour exercer dans l&apos;agriculture";"42887";"893581, 897419";"";"1";"2";"";"3";"3";"2";"1";"";"";"3";"";"X";"";"";"";
"Revivez le tchat avec Nicolas Jousserand, docteur vétérinaire";"41730";"768220, 776490";"";"1";"2";"";"3";"3";"1";"1";"2";"";"3";"";"X";"";"";"";
"Art - Design ";"";"";"";"";"";"";"";"";"";"";"";"";"";"";"";"";"";"";
"Les métiers et l&apos;emploi dans l&apos;art et le design";"42401";"893609, 897447";"";"1";"2";"";"3";"3";"1";"";"2";"";"3";"";"X";"";"";"";
"Les formations pour exercer dans l&apos;art et le design";"42401";"893612, 897449";"";"1";"2";"";"3";"3";"2";"1";"";"";"3";"";"X";"";"";"";
"Les professionnels du design à CBA";"41306";"901387, 831465";"";"1";"2";"";"3";"3";"1";"";"";"";"3";"";"X";"";"";"";
"Quiz : métiers de l&apos;art et du design";"42461";"859278, 862993";"";"1";"2";"";"3";"3";"1";"1";"2";"";"3";"";"X";"";"";"";
"Architecture, urbanisme, paysage";"";"";"";"";"";"";"";"";"";"";"";"";"";"";"";"";"";"";
"Les métiers et l&apos;emploi dans l&apos;architecture, l&apos;urbanisme et le paysage ";"42644";"893589, 897431";"";"1";"2";"";"3";"3";"1";"3";"2";"";"3";"";"X";"";"";"";
"Les formations pour exercer dans l&apos;architecture, l&apos;urbanisme et le paysage ";"42644";"893593, 897433";"";"1";"2";"";"3";"3";"2";"1";"";"";"3";"";"X";"";"";"";
"Revivez le tchat avec Guillaume, architecte ";"41609";" 689830, 832534";"";"1";"2";"";"3";"3";"1";"1";"1";"";"3";"";"X";"";"";"";
"Artisanat d&apos;art";"";"";"";"";"";"";"";"";"";"";"";"";"";"";"";"";"";"";
"Les métiers et l&apos;emploi dans l&apos;artisanat d&apos;art ";"42401";"893894, 897692)";"";"1";"2";"";"3";"3";"1";"";"2";"";"3";"";"X";"";"";"";
"Les formations pour exercer dans l&apos;artisanat d&apos;art";"42401";"893895, 897693";"";"1";"2";"";"3";"3";"2";"1";"";"";"3";"";"X";"";"";"";
"Arts du spectacle";"";"";"";"";"";"";"";"";"";"";"";"";"";"";"";"";"";"";
"Les métiers et l&apos;emploi dans les arts du spectacle ";"42461";"893742, 897558";"";"1";"2";"";"3";"3";"1";"";"2";"";"3";"";"X";"";"";"";
"Les formations pour exercer dans les arts du spectacle ";"42461";"893744, 897560";"";"1";"2";"";"3";"3";"2";"1";"";"";"3";"";"X";"";"";"";
"Audiovisuel";"";"";"";"";"";"";"";"";"";"";"";"";"";"";"";"";"";"";
"Les métiers et l&apos;emploi dans l&apos;audiovisuel ";"42491";"893735, 897555";"";"1";"2";"";"3";"3";"1";"";"2";"";"3";"";"X";"";"";"";
"Les formations pour exercer dans l&apos;audiovisuel ";"42795";"893739, 897556";"";"1";"2";"";"3";"3";"2";"1";"";"";"3";"";"X";"";"";"";
"Quiz : les métiers de l&apos;audiovisuel ";"42401";"840665, 845826";"";"1";"2";"";"3";"3";"1";"1";"2";"";"3";"";"X";"";"";"";
"Automobile ";"";"";"";"";"";"";"";"";"";"";"";"";"";"";"";"";"";"";
"Les métiers et l&apos;emploi";"42795";"893780, 897590";"";"1";"2";"";"3";"3";"1";"";"2";"";"3";"";"X";"";"";"";
"Les formations";"42795";"893782, 897592";"";"1";"2";"";"3";"3";"2";"1";"";"";"3";"";"X";"";"";"";
"Quiz : les métiers de l&apos;automobile";"42430";"842704, 847245";"";"1";"2";"";"3";"3";"1";"1";"2";"";"3";"";"X";"";"";"";
"Banque et assurance";"";"";"";"";"";"";"";"";"";"";"";"";"";"";"";"";"";"";
"Les métiers et l&apos;emploi dans la banque et l&apos;assurance";"42552";"893791, 897600";"";"1";"2";"";"3";"3";"1";"";"2";"";"3";"";"X";"";"";"";
"Les formations pour exercer dans la banque et l&apos;assurance";"42705";"893795, 897602";"";"1";"2";"";"3";"3";"2";"1";"";"";"3";"";"X";"";"";"";
"Quiz : les métiers de la banque, de la finance et de l&apos;assurance";"aout 2016";"878364, 882065";"";"1";"2";"";"3";"3";"1";"1";"2";"";"3";"";"X";"";"";"";
"En images : en direct d’une agence";"42552";"901367, 831367";"";"1";"2";"";"3";"3";"1";"2";"";"";"3";"";"X";"";"";"";
"Bâtiment et travaux publics (BTP)";"";"";"";"";"";"";"";"";"";"";"";"";"";"";"";"";"";"";
"Les métiers et l&apos;emploi dans le BTP ";"42644";"893595, 897436";"";"1";"2";"";"3";"3";"1";"";"2";"";"3";"";"X";"";"";"";
"Les formations pour exercer dans le BTP ";"42644";"893597, 897439";"";"1";"2";"";"3";"3";"2";"1";"";"";"3";"";"X";"";"";"";
"Diaporama sonore : Dans les coulisses du bâtiment ";"42461";"901388, 862591";"";"1";"2";"";"3";"3";"1";"2";"";"";"3";"";"X";"";"";"";
"Quiz : les métiers du bâtiment et des travaux publics ";"41913";"740582, 748630";"";"1";"2";"";"3";"3";"1";"1";"2";"";"3";"";"X";"";"";"";
"Commerce et distribution";"";"";"";"";"";"";"";"";"";"";"";"";"";"";"";"";"";"";
"Les métiers et l&apos;emploi dans le commerce et la distribution ";"42461";"893840, 897644";"";"1";"2";"";"3";"3";"1";"";"2";"";"3";"";"X";"";"";"";
"Les formations pour exercer dans le commerce et la distribution ";"42461";"893842, 897645";"";"1";"2";"";"3";"3";"2";"1";"";"";"3";"";"X";"";"";"";
"Communication";"";"";"";"";"";"";"";"";"";"";"";"";"";"";"";"";"";"";
"Les métiers et l&apos;emploi dans la communication ";"42461";"893847, 897649";"";"1";"2";"";"3";"3";"1";"";"2";"";"3";"";"X";"";"";"";
"Les formations pour exercer dans la communication ";"42461";"893852,  897651";"";"1";"2";"";"3";"3";"2";"1";"";"";"3";"";"X";"";"";"";
"Comptabilité, gestion , ressources humaines";"";"";"";"";"";"";"";"";"";"";"";"";"";"";"";"";"";"";
"Les métiers et l&apos;emploi dans la comptabilité, la gestion et les ressources humaines";"42736";"893763, 897574";"";"1";"2";"";"3";"3";"1";"";"2";"";"3";"";"X";"";"";"";
"Les formations pour exercer dans la comptabilité, la gestion et les ressources humaines";"42736";"893763, 897574";"";"1";"2";"";"3";"3";"2";"1";"";"";"3";"";"X";"";"";"";
"Reportage chez Wonderbox";"42795";"901389, 896572";"";"1";"2";"";"3";"3";"1";"1";"2";"";"3";"";"X";"";"";"";
"Construction aéronautique, ferroviaire et navale";"";"";"";"";"";"";"";"";"";"";"";"";"";"";"";"";"";"";
"Les métiers et l&apos;emploi";"42795";"912980, 897666";"";"1";"2";"";"3";"3";"1";"";"2";"";"3";"";"X";"";"";"";
"Les formations";"42795";"912981, 897671";"";"1";"2";"";"3";"3";"2";"1";"";"";"3";"";"X";"";"";"";
"Les étapes de la fabrication d’un moteur d’avion";"41426";"901345, 831453";"";"1";"2";"";"3";"3";"1";"2";"";"";"3";"";"X";"";"";"";
"Revivez le tchat avec Romuald Segure, chargé d&apos;affaire dans l&apos;aéronautique";"41426";"664860, 832530";"";"1";"2";"";"3";"3";"2";"1";"";"";"3";"";"X";"";"";"";
"Culture et patrimoine";"";"";"";"";"";"";"";"";"";"";"";"";"";"";"";"";"";"";
"Les métiers et l&apos;emploi dans la culture et le patrimoine ";"42401";"893885, 897683";"";"1";"2";"";"3";"3";"1";"";"2";"";"3";"";"X";"";"";"";
"Les formations pour exercer dans la culture et le patrimoine ";"42401";"893889, 897686";"";"1";"2";"";"3";"3";"2";"1";"";"";"3";"";"X";"";"";"";
"Au musée, qui fait quoi ? ";"41883";"901226, 740184";"";"1";"2";"";"3";"3";"1";"";"2";"";"3";"";"X";"";"";"";
"Défense";"";"";"";"";"";"";"";"";"";"";"";"";"";"";"";"";"";"";
"Les métiers et l&apos;emploi dans la défense ";"42552";"896136, 899930";"";"1";"2";"";"3";"3";"1";"";"2";"";"3";"";"X";"";"";"";
"Les formations pour exercer dans la défense ";"42552";"896138, 899933";"";"1";"2";"";"3";"3";"2";"1";"";"";"3";"";"X";"";"";"";
"Quiz : les métiers de la défense et de la sécurité ";"41760";"716363, 724441";"";"1";"2";"";"3";"3";"1";"";"2";"";"3";"";"X";"";"";"";
"Droit et justice";"";"";"";"";"";"";"";"";"";"";"";"";"";"";"";"";"";"";
"Les métiers et l&apos;emploi dans le droit et la justice ";"42491";"896149, 899941";"";"1";"2";"";"3";"3";"1";"";"2";"";"3";"";"X";"";"";"";
"Les formations pour exercer dans le droit et la justice ";"42705";"896150, 899945";"";"1";"2";"";"3";"3";"2";"1";"";"";"3";"";"X";"";"";"";
"Au procès, qui fait quoi ? ";"42370";"901224, 827549";"";"1";"2";"";"3";"3";"1";"2";"";"";"3";"";"X";"";"";"";
"Revivez le tchat sur le métier de directrice de centre pénitentiaire";"42339";"839171, 845423";"";"1";"2";"";"3";"3";"1";"";"2";"";"3";"";"X";"";"";"";
"Édition, librairie, bibliothèque";"";"";"";"";"";"";"";"";"";"";"";"";"";"";"";"";"";"";
"Les métiers du livre ";"42795";"921832, 925131";"";"1";"2";"";"3";"3";"1";"";"2";"";"3";"";"X";"";"";"";
"Les métiers et l&apos;emploi dans le secteur du livre ";"42795";"896174, 899964";"";"1";"2";"";"3";"3";"1";"";"2";"";"3";"";"X";"";"";"";
"Les formations pour exercer dans le secteur du livre ";"42795";"896181, 899970";"";"1";"2";"";"3";"3";"2";"1";"";"";"3";"";"X";"";"";"";
"Les acteurs de la chaîne du livre ";"42795";"911694, 915165";"";"1";"2";"";"3";"3";"1";"";"2";"";"3";"";"X";"";"";"";
"Électronique ";"";"";"";"";"";"";"";"";"";"";"";"";"";"";"";"";"";"";
"Les métiers et l&apos;emploi";"42795";"896158, 899950";"";"1";"2";"";"3";"3";"1";"";"2";"";"3";"";"X";"";"";"";
"Les formations";"42795";"896160, 899952";"";"1";"2";"";"3";"3";"2";"1";"";"";"3";"";"X";"";"";"";
"Fabriquer des robots intelligents : une histoire de pros!";"42156";"901223, 788153";"";"1";"2";"";"3";"3";"1";"2";"";"";"3";"";"X";"";"";"";
"Revivez le tchat avec Alexis Aubreton, ingénieur produit en électronique";"41334";"640414, 832526";"";"1";"2";"";"3";"3";"1";"1";"2";"";"3";"";"X";"";"";"";
"Énergie";"";"";"";"";"";"";"";"";"";"";"";"";"";"";"";"";"";"";
"Les métiers et l&apos;emploi";"42522";"896190, 899982";"";"1";"2";"";"3";"3";"1";"";"2";"";"3";"";"X";"";"";"";
"Les formations";"42522";"896265, 900059";"";"1";"2";"";"3";"3";"2";"1";"";"";"3";"";"X";"";"";"";
"Rencontre en images avec les pros d&apos;une centrale hydroélectrique";"42522";"901222, 871473";"";"1";"2";"";"3";"3";"1";"";"2";"";"3";"";"X";"";"";"";
"Enseignement";"";"";"";"";"";"";"";"";"";"";"";"";"";"";"";"";"";"";
"Les métiers et l&apos;emploi dans l&apos;enseignement";"42401";"896169, 899958";"";"1";"2";"";"3";"3";"1";"";"2";"";"3";"";"X";"";"";"";
"Les formations pour exercer dans l&apos;enseignement";"42401";"896176, 899968";"";"1";"2";"";"3";"3";"2";"1";"";"";"3";"";"X";"";"";"";
"Diaporama sonore : Les professionnels de l&apos;école";"41730";"896176, 899968";"";"1";"2";"";"3";"3";"1";"2";"";"";"3";"";"X";"";"";"";
"Quiz : les métiers de l&apos;enseignement";"42430";"851838, : 855590";"";"1";"2";"";"3";"3";"1";"";"2";"";"3";"";"X";"";"";"";
"Environnement";"";"";"";"";"";"";"";"";"";"";"";"";"";"";"";"";"";"";
"Les métiers et l&apos;emploi dans l&apos;environnement ";"42156";"896153, 899944";"";"1";"2";"";"3";"3";"1";"";"2";"";"3";"";"X";"";"";"";
"Les formations pour exercer dans l&apos;environnement ";"42156";"896154, 899947";"";"1";"2";"";"3";"3";"2";"1";"";"";"3";"";"X";"";"";"";
"Protéger la nature : à chacun son métier ";"42248";"901221, 801062";"";"1";"2";"";"3";"3";"1";"";"2";"";"3";"";"X";"";"";"";
"Revivez le tchat avec Arnaud Alary, pro du développement durable ";"41214";"624936, 832521";"";"1";"2";"";"3";"3";"1";"1";"2";"";"3";"";"X";"";"";"";
"Filière bois";"";"";"";"";"";"";"";"";"";"";"";"";"";"";"";"";"";"";
"Les métiers et l&apos;emploi dans le bois";"41306";"893884, 897680";"";"1";"2";"";"3";"3";"1";"";"2";"";"3";"";"X";"";"";"";
"Les formations pour exercer dans la filière bois";"41306";"893888, 897685";"";"1";"2";"";"3";"3";"2";"1";"";"";"3";"";"X";"";"";"";
"Revivez le tchat avec Jérémie Lopez, ébéniste créateur";"41699";"703461, 711490";"";"1";"2";"";"3";"3";"1";"1";"2";"";"3";"";"X";"";"";"";
"Fonction publique";"";"";"";"";"";"";"";"";"";"";"";"";"";"";"";"";"";"";
"Les métiers et l&apos;emploi dans la fonction publique ";"42401";"913468, 916766";"";"1";"2";"";"3";"3";"1";"";"2";"";"3";"";"X";"";"";"";
"Les formations et concours de la fonction publique ";"42401";"913469, 916767";"";"1";"2";"";"3";"3";"2";"1";"";"";"3";"";"X";"";"";"";
"Quiz : les métiers de la Fonction publique ";"42461";"852800, 856492";"";"1";"2";"";"3";"3";"1";"1";"2";"";"3";"";"X";"";"";"";
"Hôtellerie, restauration";"";"";"";"";"";"";"";"";"";"";"";"";"";"";"";"";"";"";
"Les métiers et l&apos;emploi dans le secteur de l&apos;hôtellerie et de la restauration ";"42064";"893863, 897662";"";"1";"2";"";"3";"3";"1";"";"2";"";"3";"";"X";"";"";"";
"Les formations pour exercer dans l&apos;hôtellerie et la restauration ";"42064";"893865, 897664";"";"1";"2";"";"3";"3";"2";"1";"";"";"3";"";"X";"";"";"";
"Quiz : les métiers de l&apos;hôtellerie et la restauration ";"41913";"740627, 748681";"";"1";"2";"";"3";"3";"1";"1";"2";"";"3";"";"X";"";"";"";
"Revivez le tchat avec Caroline Benard, directrice d&apos;hôtel ";"41730";"722543, 730725";"";"1";"2";"";"3";"3";"1";"1";"2";"";"3";"";"X";"";"";"";
"Industrie chimique";"";"";"";"";"";"";"";"";"";"";"";"";"";"";"";"";"";"";
"Les métiers et l&apos;emploi";"42705";"893821, 897624";"";"1";"2";"";"3";"3";"1";"";"2";"";"3";"";"X";"";"";"";
"Les formations";"42705";"893832, 897630";"";"1";"2";"";"3";"3";"2";"1";"";"";"3";"";"X";"";"";"";
"Rencontre avec les chimistes d’une usine de fabrication de peinture";"42705";"901368, 899955";"";"1";"2";"";"3";"3";"1";"";"2";"";"3";"";"X";"";"";"";
"Industrie alimentaire";"";"";"";"";"";"";"";"";"";"";"";"";"";"";"";"";"";"";
"Les métiers et l&apos;emploi";"42795";"893825, 897625";"";"1";"2";"";"3";"3";"1";"";"2";"";"3";"";"X";"";"";"";
"Les formations";"42795";"893826, 897629";"";"1";"2";"";"3";"3";"2";"1";"";"";"3";"";"X";"";"";"";
"Quiz : les métiers des industries alimentaires";"41913";"746458,  754527";"";"1";"2";"";"3";"3";"1";"1";"2";"";"3";"";"X";"";"";"";
"Informatique et réseaux";"";"";"";"";"";"";"";"";"";"";"";"";"";"";"";"";"";"";
"Les métiers et l&apos;emploi";"42856";"893837, 897635";"";"1";"2";"";"3";"3";"1";"";"2";"";"3";"";"X";"";"";"";
"Les formations";"42856";"893839, 897643";"";"1";"2";"";"3";"3";"2";"1";"";"";"3";"";"X";"";"";"";
"Les professionnels des réseaux (reportage)";"41730";"903625, 717838";"";"1";"2";"";"3";"3";"1";"";"2";"";"3";"";"X";"";"";"";
"Quiz : les métiers du numérique ";"42401";"903625, 717838";"";"1";"2";"";"3";"3";"1";"1";"2";"";"3";"";"X";"";"";"";
"Jeu vidéo";"";"";"";"";"";"";"";"";"";"";"";"";"";"";"";"";"";"";
"Les métiers et l&apos;emploi";"42186";"893786, 897596";"";"1";"2";"";"3";"3";"1";"";"2";"";"3";"";"X";"";"";"";
"Les formations";"42186";"893787, 897598";"";"1";"2";"";"3";"3";"2";"1";"";"";"3";"";"X";"";"";"";
"Quiz : les métiers du jeu vidéo ";"42461";"853098, 856770";"";"1";"2";"";"3";"3";"1";"1";"2";"";"3";"";"X";"";"";"";
"Journalisme ";"";"";"";"";"";"";"";"";"";"";"";"";"";"";"";"";"";"";
"Les métiers et l&apos;emploi";"41821";"896185, 899975";"";"1";"2";"";"3";"3";"1";"";"2";"";"3";"";"X";"";"";"";
"Les formations";"41821";"896188, 899978";"";"1";"2";"";"3";"3";"2";"1";"";"";"3";"";"X";"";"";"";
"Logistique et transport ";"";"";"";"";"";"";"";"";"";"";"";"";"";"";"";"";"";"";
"Les métiers et l&apos;emploi";"42614";"893661, 897486";"";"1";"2";"";"3";"3";"1";"";"2";"";"3";"";"X";"";"";"";
"Les formations";"42614";"893662, 897488";"";"1";"2";"";"3";"3";"2";"1";"";"";"3";"";"X";"";"";"";
"Diaporama sonore : les métiers de la Capitainerie";"42614";"903602, 881905";"";"1";"2";"";"3";"3";"1";"1";"2";"";"3";"";"X";"";"";"";
"Marketing et publicité";"";"";"";"";"";"";"";"";"";"";"";"";"";"";"";"";"";"";
"Les métiers et l&apos;emploi";"42461";"893854, 897654";"";"1";"2";"";"3";"3";"1";"";"2";"";"3";"";"X";"";"";"";
"Les formations";"42461";"893855, 897656";"";"1";"2";"";"3";"3";"2";"1";"";"";"3";"";"X";"";"";"";
"Quiz : les métiers du marketing, de la publicité et de la vente";"42461";"852936, 856602)";"";"1";"2";"";"3";"3";"1";"1";"2";"";"3";"";"X";"";"";"";
"Reportage chez &quot;Michel et Augustin&quot;";"42461";"901219, 856486";"";"1";"2";"";"3";"3";"1";"1";"2";"";"3";"";"X";"";"";"";
"Maintenance, entretien ";"";"";"";"";"";"";"";"";"";"";"";"";"";"";"";"";"";"";
"Les métiers et l&apos;emploi";"40969";"893778, 897584";"";"1";"2";"";"3";"3";"1";"";"2";"";"3";"";"X";"";"";"";
"Les formations";"40969";"893779, 897591";"";"1";"2";"";"3";"3";"2";"1";"";"";"3";"";"X";"";"";"";
"tchat sur les métiers de la maintenance des matériels (travaux publics, manutention, agricoles et espaces verts…)";"42675";"887414, 891186";"";"1";"2";"";"3";"3";"1";"";"2";"";"3";"";"X";"";"";"";
"Mécanique ";"";"";"";"";"";"";"";"";"";"";"";"";"";"";"";"";"";"";
"Les métiers et l&apos;emploi";"42795";"893755, 897569";"";"1";"2";"";"3";"3";"1";"";"2";"";"3";"";"X";"";"";"";
"Les formations";"42795";"893767, 897578";"";"1";"2";"";"3";"3";"2";"1";"";"";"3";"";"X";"";"";"";
"Mode et industrie textile";"";"";"";"";"";"";"";"";"";"";"";"";"";"";"";"";"";"";
"Les métiers et l&apos;emploi";"42795";"893712, 897526";"";"1";"2";"";"3";"3";"1";"";"2";"";"3";"";"X";"";"";"";
"Les formations";"42795";"893714, 897527";"";"1";"2";"";"3";"3";"2";"1";"";"";"3";"";"X";"";"";"";
"Une journée chez Hermès";"41913";"901218, 732328";"";"1";"2";"";"3";"3";"1";"";"2";"";"3";"";"X";"";"";"";
"Quiz : les métiers de la mode et du luxe";"41913";"740623, 748677";"";"1";"2";"";"3";"3";"1";"1";"2";"";"3";"";"X";"";"";"";
"Paramédical";"";"";"";"";"";"";"";"";"";"";"";"";"";"";"";"";"";"";
"Les métiers et l&apos;emploi";"41579";"893703, 897514";"";"1";"2";"";"3";"3";"1";"";"2";"";"3";"";"X";"";"";"";
"Les formations";"41579";"893707, 897520";"";"1";"2";"";"3";"3";"2";"1";"";"";"3";"";"X";"";"";"";
"Revivez le tchat avec Jessica, auxiliaire de puériculture";"42248";"781671 , 790061";"";"1";"2";"";"3";"3";"1";"1";"2";"";"3";"";"X";"";"";"";
"Recherche ";"41275";"";"";"";"";"";"";"";"";"";"";"";"";"";"";"";"";"";
"Les métiers et l&apos;emploi";"42705";"893650, 897477";"";"1";"2";"";"3";"3";"1";"";"2";"";"3";"";"X";"";"";"";
"Les formations";"41275";"";"";"1";"2";"";"3";"3";"2";"1";"";"";"3";"";"X";"";"";"";
"À l’origine des cosmétiques, des pros de la bio";"42401";"901217, 846609";"";"1";"2";"";"3";"3";"1";"";"2";"";"3";"";"X";"";"";"";
"Quiz : les métiers de la biologie";"42401";"903387, 831411";"";"1";"2";"";"3";"3";"1";"1";"2";"";"3";"";"X";"";"";"";
"Sécurité ";"";"";"";"";"";"";"";"";"";"";"";"";"";"";"";"";"";"";
"Les métiers et l&apos;emploi";"42552";"896142, 899936";"";"1";"2";"";"3";"3";"1";"";"2";"";"3";"";"X";"";"";"";
"Les formations";"42552";"896143, 899938";"";"1";"2";"";"3";"3";"2";"1";"";"";"3";"";"X";"";"";"";
"Quiz : les métiers de la défense et de la sécurité";"41760";"716363, 724441";"";"1";"2";"";"3";"";"1";"";"2";"";"3";"";"X";"";"";"";
"Revivez le tchat avec Mahdi Belbey, commissaire de police";"42339";"791318, 799780";"";"1";"2";"";"3";"3";"1";"1";"2";"";"3";"";"X";"";"";"";
"Social";"";"";"";"";"";"";"";"";"";"";"";"";"";"";"";"";"";"";
"Les métiers et l&apos;emploi";"42125";"893636, 897468";"";"1";"2";"";"3";"3";"1";"";"2";"";"3";"";"X";"";"";"";
"Les formations";"42125";"893642, 897472";"";"1";"2";"";"3";"3";"2";"1";"";"";"3";"";"X";"";"";"";
"Quiz : les métiers du social";"42125";"740626, 748679";"";"1";"2";"";"3";"3";"1";"1";"2";"";"3";"";"X";"";"";"";
"Revivez le tchat avec Mylène, éducatrice spécialisée";"41548";"681699, 832532";"";"1";"2";"";"3";"3";"1";"1";"2";"";"3";"";"X";"";"";"";
"Sport ";"";"";"";"";"";"";"";"";"";"";"";"";"";"";"";"";"";"";
"Les métiers et l&apos;emploi";"42370";"893582, 897424";"";"1";"2";"";"3";"3";"1";"";"2";"";"3";"";"X";"";"";"";
"Les formations";"42370";"893592, 897435";"";"1";"2";"";"3";"3";"2";"1";"";"";"3";"";"X";"";"";"";
"Quiz : les métiers du sport";"42401";"841769, 846427";"";"1";"2";"";"3";"3";"1";"1";"2";"";"3";"";"X";"";"";"";
"Tourisme ";"";"";"";"";"";"";"";"";"";"";"";"";"";"";"";"";"";"";
"Les métiers et l&apos;emploi";"42309";"893596, 897438";"";"1";"2";"";"3";"3";"1";"";"2";"";"3";"";"X";"";"";"";
"les formations";"42309";"893598, 897440";"";"1";"2";"";"3";"3";"2";"1";"";"";"3";"";"X";"";"";"";
"Quiz : les métiers du tourisme";"42401";"841633, 846398";"";"1";"2";"";"3";"3";"1";"1";"2";"";"3";"";"X";"";"";"";
"Les vacances, c&apos;est du travail !";"42309";"903347, 819580";"";"1";"2";"";"3";"3";"1";"2";"2";"";"3";"";"X";"";"";"";
"Traduction - interprétation";"";"";"";"";"";"";"";"";"";"";"";"";"";"";"";"";"";"";
"Les métiers et l&apos;emploi";"42795";"893568, 897414";"";"1";"2";"";"3";"3";"1";"";"2";"";"3";"";"X";"";"";"";
"Les formations";"42795";"893572, 897417";"";"1";"2";"";"3";"3";"2";"1";"";"";"3";"";"X";"";"";"";
"Verre, béton, céramique ";"";"";"";"";"";"";"";"";"";"";"";"";"";"";"";"";"";"";
"les formations";"42795";"893550, 897396";"";"1";"2";"";"3";"3";"2";"1";"";"";"3";"";"X";"";"";"";
"J&apos;aime la nature ";"41518";"774004, 782284";"1";"1";"";"";"2";"2";"1";"2";"";"";"1";"";"X";"";"";"";
"Je veux m&apos;occuper d&apos;animaux";"41518";"773961, 782272";"1";"1";"";"";"2";"2";"1";"2";"";"";"1";"";"X";"";"";"";
"Je veux protéger la planète";"42156";"781735, 782599";"1";"1";"";"";"2";"2";"1";"2";"";"";"1";"";"X";"";"";"";
"J&apos;aime bouger ";"42614";"773978, 782289";"1";"1";"";"";"2";"2";"1";"2";"";"";"1";"";"X";"";"";"";
"Le sport est ma passion";"42614";"773957, 782266";"1";"1";"";"";"2";"2";"1";"2";"";"";"1";"";"X";"";"";"";
"Je serai un pro de la conduite ";"42614";" 773967, 782277";"1";"1";"";"";"2";"2";"1";"2";"";"";"1";"";"X";"";"";"";
"J&apos;aime les sensations fortes";"42614";"773976, 782287";"1";"1";"";"";"2";"2";"1";"2";"";"";"1";"";"X";"";"";"";
"Je veux travailler de mes mains";"42614";"773998, 782268";"1";"1";"";"";"2";"2";"1";"2";"";"";"1";"";"X";"";"";"";
"Réparer, bricoler, j&apos;adore ça ";"42614";"760561, 768772";"1";"1";"";"";"2";"2";"1";"2";"";"";"1";"";"X";"";"";"";
"Je serai un pro du bâtiment ";"42614";"773966, 782276";"1";"1";"";"";"2";"2";"1";"2";"";"";"1";"";"X";"";"";"";
"J&apos;aime bien faire des expériences ";"42614";"791042,  782278";"1";"1";"";"";"2";"2";"1";"2";"";"";"1";"";"X";"";"";"";
"J&apos;aime jongler avec les chiffres ";"42614";"773975, 782285";"1";"1";"";"";"2";"2";"1";"2";"";"";"1";"";"X";"";"";"";
"Je suis branché high-tech ";"42614";"773956, 782265";"1";"1";"";"";"2";"2";"1";"2";"";"";"1";"";"X";"";"";"";
"Je veux travailler dans le commerce";"42614";"774268, 782595";"1";"1";"";"";"2";"2";"1";"2";"";"";"1";"";"X";"";"";"";
"Je veux être aux commandes ";"42614";"774031, 782282";"1";"1";"";"";"2";"2";"1";"2";"";"";"1";"";"X";"";"";"";
"J&apos;ai le sens du contact ";"42614";"773999, 782288";"1";"1";"";"";"2";"2";"1";"2";"";"";"1";"";"X";"";"";"";
"Je suis fort en langues ";"42614";"773965, 782275";"1";"1";"";"";"2";"2";"1";"2";"";"";"1";"";"X";"";"";"";
"J&apos;aimerais me lancer dans la communication ";"42614";"774265, 782592";"1";"1";"";"";"2";"2";"1";"2";"";"";"1";"";"X";"";"";"";
"Je suis accro au multimédia ";"42614";"773964, 782274";"1";"1";"";"";"2";"2";"1";"2";"";"";"1";"";"X";"";"";"";
"TV, ciné, radio : ces univers me fascinent";"42614";"774269, 782596";"1";"1";"";"";"2";"2";"1";"2";"";"";"1";"";"X";"";"";"";
"J&apos;ai un bon coup de crayon ";"42614";"774003, 782283";"1";"1";"";"";"2";"2";"1";"2";"";"";"1";"";"X";"";"";"";
"La mode me fait rêver ";"42614";"773958, 782267";"1";"1";"";"";"2";"2";"1";"2";"";"";"1";"";"X";"";"";"";
"Je veux travailler dans le spectacle ";"42614";"774266, 782593";"1";"1";"";"";"2";"2";"1";"2";"";"";"1";"";"X";"";"";"";
"J&apos;aime le contact avec les enfants ";"42614";"773904, 782217";"1";"1";"";"";"2";"2";"1";"2";"";"";"1";"";"X";"";"";"";
"Je veux être utile aux autres ";"42614";"773962, 782273";"1";"1";"";"";"2";"2";"1";"2";"";"";"1";"";"X";"";"";"";
"Ma vocation est de soigner ";"42614";"774267, 782594";"1";"1";"";"";"2";"2";"1";"2";"";"";"1";"";"X";"";"";"";
"Je veux faire respecter la loi ";"42614";"774270, 782598";"1";"1";"";"";"2";"2";"1";"2";"";"";"1";"";"X";"";"";"";
"STAGES EN ENTREPRISES";"";"";"";"";"";"";"";"";"";"";"";"";"";"";"";"";"";"";
"FAQ : les stages";"42644";"813254, 820807";"1";"1";"1";"";"";"";"";"";"";"";"1";"";"X";"";"";"";
"Le statut du stagiaire";"42644";"434105, 437942";"1";"1";"1";"";"";"";"";"";"";"";"1";"";"X";"";"";"";
"Les stages par niveau d&apos;études (dossier)";"";"790392, 798843";"1";"";"";"";"2";"2";"2";"";"";"";"1";"";"X";"";"";"";
"Les stages au collège";"41852";" 675234, 438307";"1";"";"";"";"2";"2";"2";"";"";"";"1";"";"X";"";"";"";
"En Segpa : des stages préprofessionnels";"41426";"792407, 438309";"1";"";"";"";"2";"2";"2";"";"";"";"1";"";"X";"";"";"";
"CAP, bac pro, les périodes de formation en milieu professionnel";"42614";"792408, 438310";"";"1";"";"";"3";"2";"3";"2";"";"";"1";"";"";"";"";"";
"Les stages dans l’enseignement supérieur";"42309";"792410, 438308";"";"1";"2";"";"3";"3";"3";"2";"";"";"1";"";"X";"";"";"";
"Trouver un stage en entreprise (dossier)";"";"790394, 798845";"2";"1";"1";"";"3";"3";"3";"2";"";"";"1";"";"X";"";"";"";
"Candidature en stages : la nécessité d&apos;anticiper !";"42644";"792453, 831498";"2";"1";"1";"";"3";"3";"3";"2";"";"";"1";"";"X";"";"";"";
"Trouver son stage de 3e : mode d&apos;emploi";"42644";"674940, 831499";"1";"";"";"";"2";"2";"3";"2";"";"";"1";"";"X";"";"";"";
"Comment trouver un stage de fin d’études";"42644";"792455, 831500";"1";"1";"1";"";"2";"2";"3";"2";"";"";"1";"";"X";"";"";"";
"Master : Stage de fin d’études : 5 questions à se poser";"42644";"695583, 703493";"";"";"1";"";"";"2";"3";"2";"";"";"1";"";"X";"";"";"";
"Stages : gare aux abus ! ";"42644";"804369, 831501";"1";"1";"1";"";"2";"2";"";"2";"";"";"1";"";"X";"";"";"";
"L&apos;année de césure, un passage obligé ?";"42370";"821306, 831502";"";"";"1";"1";"2";"2";"";"2";"2";"";"1";"";"X";"";"";"";
"Tirer profit de son stage en entreprise";"41579";"688889, 831494";"1";"1";"1";"";"2";"2";"3";"2";"";"";"1";"";"X";"";"";"";
"Comment réussir son rapport de stage";"42156";"665595, 831492";"2";"1";"1";"";"3";"3";"";"2";"";"";"1";"";"X";"";"";"";
"Que faire si le stage se passe mal";"41821";"681838, 831493";"2";"1";"1";"";"3";"3";"";"2";"";"";"1";"";"X";"";"";"";
"Tout savoir sur la loi sur les stages ";"42644";"715551, 723701";"";"2";"1";"";"3";"3";"3";"2";"";"";"1";"";"X";"";"";"";
"Stages : le point sur la rémunération";"42644";"760576, 768782";"";"2";"1";"";"3";"3";"";"";"";"";"1";"";"X";"";"";"";
"Le programme vacances travail séduit les jeunes";"42614";"879535, 832155";"";"1";"1";"1";"2";"";"3";"2";"2";"";"1";"";"X";"";"";"";
"ALTERNANCE";"";"";"";"";"";"";"";"";"";"";"";"";"";"";"";"";"";"";
"FAQ Alternance, apprentissage : notre foire aux questions";"42856";"740568, 748617";"1";"1";"1";"";"2";"2";"3";"2";"";"";"1";"4";"X";"";"";"";
"L&apos;alternance est elle faite pour moi ?";"42644";"739567, 831505";"";"1";"1";"";"2";"2";"3";"2";"2";"";"1";"";"X";"";"";"";
"Les contrats d&apos;alternance, droits et devoirs (Dossier)";"";"790397, 798848";"";"1";"1";"";"2";"2";"3";"2";"2";"";"1";"";"X";"";"";"";
"Le contrat de professionnalisation";"42430";"739562, 438311";"";"1";"1";"";"2";"2";"3";"2";"2";"";"1";"";"X";"";"";"";
"Le contrat d’apprentissage";"42856";"739563, 438312";"";"1";"1";"";"2";"2";"2";"2";"2";"";"1";"";"X";"";"";"";
"Quelles formations en alternance ?";"42856";"739575, 742586";"";"1";"1";"";"2";"2";"3";"2";"2";"";"1";"";"X";"";"";"";
"Les droits et devoirs de l&apos;apprenti";"42430";"739565, 437939";"";"1";"1";"";"2";"2";"3";"2";"2";"";"1";"";"X";"";"";"";
"Alternance : conseils pratiques pour décrocher votre contrat ";"";"790395, 798846";"";"1";"1";"";"2";"2";"3";"2";"2";"";"1";"";"X";"";"";"";
"Alternance : organiser sa candidature";"42461";"739572, 831507";"";"1";"1";"";"2";"2";"3";"2";"3";"";"1";"";"X";"";"";"";
"Choisir son établissement de formation en alternance";"42614";"739571, 831506";"";"1";"1";"";"2";"2";"3";"2";"3";"";"1";"";"X";"";"";"";
"Alternance : comment trouver la bonne entreprise ?";"42125";"739568, 437944";"";"1";"1";"";"2";"2";"3";"2";"3";"";"1";"";"X";"";"";"";
"Alternance : préparer l’entretien d’embauche";"42644";"";"";"";"";"";"";"";"";"";"";"";"";"";"";"";"";"";
"Entretien pour un apprentissage : adoptez la bonne attitude !";"";"505552, 831504";"";"1";"1";"";"2";"2";"3";"2";"3";"";"1";"";"X";"";"";"";
"L&apos;alternance une fois en poste (Dossier - 2art)";"";"790399, 798850";"";"1";"1";"";"2";"2";"3";"2";"2";"";"1";"";"X";"";"";"";
"Bien vivre sa formation en alternance";"42856";"739573, 831508";"";"1";"1";"";"2";"2";"3";"2";"3";"";"1";"";"X";"";"";"";
"Alternance : et si ça se passe mal ? ";"42856";"739574, 831509";"";"1";"1";"";"2";"2";"3";"2";"3";"";"1";"";"X";"";"";"";
"Compagnonnage : apprendre son métier par étapes";"41883";"703337, 711351";"";"1";"1";"";"2";"2";"3";"2";"3";"";"1";"";"X";"";"";"";
"Quiz spécial apprentissage";"42095";"703337, 711351";"";"1";"1";"";"2";"2";"3";"2";"3";"";"1";"";"X";"";"";"";
"Quiz : découvrir l&apos;enseignement professionnel";"42036";"760124, 768313";"";"1";"1";"";"2";"2";"3";"2";"3";"";"1";"";"X";"";"";"";
"DECOUVRIR LE MONDE PROFESSIONNEL";"";"";"";"";"";"";"";"";"";"";"";"";"";"";"";"";"";"";
"Les principaux contrats de travail";"41913";"434103, 437940";"";"";"1";"1";"2";"2";"2";"";"1";"";"1";"";"x";"";"";"";
"Les droits et obligations du salarié";"42614";"434112, 437949";"";"";"1";"1";"2";"2";"2";"";"1";"";"1";"";"x";"";"";"";
"Emploi : quelles formes de rémunération ?";"42156";"689648, 831522";"";"";"1";"1";"2";"2";"2";"";"1";"";"1";"";"x";"";"";"";
"Statuts professionnels : 14 façons d&apos;exercer un métier";"42552";"703504, 711529";"";"";"1";"1";"2";"2";"2";"";"1";"";"1";"";"x";"";"";"";
"Futur artisan : comment prendre un bon départ";"41699";" 702951, 710944";"";"";"1";"1";"2";"2";"2";"";"1";"";"1";"";"x";"";"";"";
"TPE/PME : travailler dans une entreprise à taille humaine";"42461";"703234, 711244";"";"";"1";"1";"2";"2";"2";"";"1";"";"1";"";"x";"";"";"";
"Travail saisonnier : une autre façon d’envisager sa carrière";"42614";"709318, 717371";"";"";"1";"1";"2";"2";"2";"";"1";"";"1";"";"x";"";"";"";
"Télétravail (Dossier)";"";"790396, 798847";"";"";"1";"1";"2";"2";"2";"";"1";"";"1";"";"x";"";"";"";
"Bien comprendre ce qu&apos;est le télétravail";"41791";"722359, 730536";"";"";"1";"1";"2";"2";"2";"";"1";"";"1";"";"x";"";"";"";
"Télétravail : avantages et pièges à éviter";"41791";"722360, 730539";"";"";"1";"1";"2";"2";"2";"";"1";"";"1";"";"x";"";"";"";
"Télétravail en entreprise : droits et devoirs";"41791";"722361, 730540";"";"";"1";"1";"2";"2";"2";"";"1";"";"1";"";"x";"";"";"";
"Création d&apos;entreprise (Dossier)";"";"790398, 798849";"";"";"1";"1";"2";"2";"2";"";"1";"";"1";"";"x";"";"";"";
"La création d&apos;entreprise, étapes par étapes";"42614";"674028, 831524";"";"";"1";"1";"2";"2";"2";"";"1";"";"1";"";"x";"";"";"";
"Tchat entreprenariat";"41913";"896538, 900336";"";"";"1";"1";"2";"2";"2";"";"1";"";"1";"";"x";"";"";"";
"Le statut d&apos;étudiant-entrepreneur";"42614";"740282, 748318";"";"";"1";"1";"2";"2";"2";"";"1";"";"1";"";"x";"";"";"";
"L’incubateur ? Un atout pour créer son entreprise";"42614";"761915, 770154";"";"";"1";"1";"2";"2";"2";"";"1";"";"1";"";"x";"";"";"";
"Les formations pour créer son entreprise";"42614";"521347, 831523";"";"";"1";"1";"2";"2";"2";"";"1";"";"1";"";"x";"";"";"";
"76% des étudiants-entrepreneurs sont satisfaits";"42491";"866621,  870225";"";"";"1";"1";"2";"2";"2";"";"1";"";"1";"";"x";"";"";"";
"Quiz Les entreprises";"42278";"803866, 812442";"";"";"1";"1";"2";"2";"2";"";"1";"";"1";"";"x";"";"";"";
"Quiz Les secteurs d&apos;activité";"42278";"803964, 812543";"";"";"1";"1";"2";"2";"2";"";"1";"";"1";"";"x";"";"";"";
"Les contrats en faveur des jeunes (Dossier)";"";"790400, 798851";"";"";"1";"1";"2";"2";"2";"";"1";"";"1";"";"x";"";"";"";
"La Garantie jeunes";"42736";"887187, 890938";"";"";"1";"1";"2";"2";"2";"";"1";"";"1";"";"x";"";"";"";
"Le contrat de génération, trait d&apos;union entre un jeune et un senior";"42675";"630606, 637898";"";"";"1";"1";"2";"2";"2";"";"1";"";"1";"";"x";"";"";"";
"Les emplois d’avenir : une seconde chance de se former";"42644";"732326, 740363";"";"";"1";"1";"2";"2";"2";"";"1";"";"1";"";"x";"";"";"";
"Le contrat d&apos;insertion dans la vie sociale (Civis)";"41883";"637758, 645154";"";"";"1";"1";"2";"2";"2";"";"1";"";"1";"";"x";"";"";"";
"Avec le Pacte : intégrer la fonction publique et obtenir une qualification";"42675";"637758, 645154";"";"";"1";"1";"2";"2";"2";"";"1";"";"1";"";"x";"";"";"";
"Le Service militaire adapté (SMA) ";"42675";"740543, 748590";"";"";"1";"1";"2";"2";"2";"";"1";"";"1";"";"x";"";"";"";
"Le service civique : utile pour soi, utile pour les autres";"42675";"732295, 740326";"";"";"1";"1";"2";"2";"2";"";"1";"";"1";"";"x";"";"";"";
"Le Service militaire volontaire (SMV)";"42675";"804201, 812791";"";"";"1";"1";"2";"2";"2";"";"1";"";"1";"";"x";"";"";"";
"RECHERCHE D&apos;EMPLOI ";"";"";"";"";"";"";"";"";"";"";"";"";"";"";"";"";"";"";
"Recherche d&apos;emploi : une aide pour les jeunes diplômés";"42856";"867542, 871170";"";"";"1";"1";"2";"2";"2";"";"1";"";"1";"";"x";"";"";"";
"Quiz Découvrir le monde du travail";"42644";"820922, 827955";"";"";"1";"1";"2";"2";"2";"";"1";"";"1";"";"x";"";"";"";
"Foire aux questions &quot;Premier pas vers l&apos;emploi&quot;";"42370";"434437, 438306";"";"";"1";"1";"2";"2";"2";"";"1";"";"1";"";"x";"";"";"";
"Stages, premier emploi : soigner son image sur le net";"41974";"672420, 831514";"";"";"1";"1";"2";"2";"2";"";"1";"";"1";"";"x";"";"";"";
"Construire son projet professionnel";"42887";"434100, 437937";"";"";"1";"1";"2";"2";"2";"";"1";"";"1";"";"x";"";"";"";
"Organiser sa recherche d&apos;emploi";"42156";"434108, 437945";"";"";"1";"1";"2";"2";"2";"";"1";"";"1";"";"x";"";"";"";
"Se faire aider : Pôle emploi, les missions locales…";"42644";"434116, 437953";"";"";"1";"1";"2";"2";"2";"";"1";"";"1";"";"x";"";"";"";
"Poser sa candidature";"42644";"434114, 437951";"";"";"1";"1";"2";"2";"2";"";"1";"";"1";"";"X";"";"";"";
"Les questions à se poser avant de rédiger son CV";"42644";"781795, 831515";"";"";"1";"1";"2";"2";"2";"";"1";"";"1";"";"x";"";"";"";
"La lettre de motivation : les règles de base";"42156";"781804, 831517";"";"";"1";"1";"2";"2";"2";"";"1";"";"1";"";"x";"";"";"";
"L&apos;évolution des métiers et de l&apos;emploi (dossier)";"";"893309, 897148";"";"";"1";"1";"2";"2";"2";"";"1";"";"1";"";"x";"";"";"";
"Quiz";"42370";"901000, 904749";"";"";"1";"1";"2";"2";"2";"";"1";"";"1";"";"x";"";"";"";
"L&apos;emploi et les métiers de demain";"42705";"813095, 820712";"";"";"1";"1";"2";"2";"2";"";"1";"";"1";"";"x";"";"";"";
"Le diplôme reste une assurance contre le chômage";"42705";"893313, 897150";"";"";"1";"1";"2";"2";"2";"";"1";"";"1";"";"x";"";"";"";
"Dossier spécial : salons de recrutement (dossier)";"";"781806, 790203";"";"";"1";"1";"2";"2";"2";"";"1";"";"1";"";"x";"";"";"";
"Salons de recrutement, mode d&apos;emploi";"41760";"468969, 831518";"";"";"1";"1";"2";"2";"2";"";"1";"";"1";"";"x";"";"";"";
"Salons professionnels : ça vaut le déplacement";"42156";"514039, 831532";"";"";"1";"1";"2";"2";"2";"";"1";"";"1";"";"x";"";"";"";
"Salons et forums : le jeu des 7 erreurs";"42156";"514040, 831533";"";"";"1";"1";"2";"2";"2";"";"1";"";"1";"";"x";"";"";"";
"Comment trouver un emploi sur internet";"42644";"666686, 674336";"";"";"1";"1";"2";"2";"2";"";"1";"";"1";"";"x";"";"";"";
"Comment travailler son identité numérique ?";"42644";"514607, 831527";"";"";"1";"1";"2";"2";"2";"";"1";"";"1";"";"x";"";"";"";
"Décrocher un 1er emploi : réponse d&apos;expert";"41426";"659596, 831512";"";"";"1";"1";"2";"2";"2";"";"1";"";"1";"";"X";"";"";"";
"Négocier son premier salaire";"41883";"702316, 710286";"";"";"1";"1";"2";"2";"2";"";"1";"";"1";"";"x";"";"";"";
"Trouver un job d&apos;été (dossier)";"";"790401, 798852";"";"";"1";"1";"2";"2";"2";"";"1";"";"1";"";"x";"";"";"";
"Jobs d&apos;été : 4 bonnes raisons d&apos;y consacrer vos vacances";"42795";"513738, 831521";"";"";"1";"1";"2";"2";"2";"";"1";"";"1";"";"X";"";"";"";
"Jobs d&apos;été : passer le BAFA";"42675";"892620, 896419";"";"";"1";"1";"2";"2";"2";"";"1";"";"1";"";"X";"";"";"";
"Le CROUS lance &quot;jobaviz&quot;, la centrale job étudiant";"42675";"824484, 660300";"";"";"1";"1";"2";"2";"2";"";"1";"";"1";"";"X";"";"";"";
"VAE (dossier)";"";"833415, 756003";"";"";"1";"1";"2";"2";"2";"";"1";"";"1";"";"X";"";"";"";
"Qu&apos;est-ce que la validation des acquis de l&apos;expérience ou professionnels  ?";"42644";"792402, 437941";"";"";"1";"1";"2";"2";"2";"";"1";"";"1";"";"X";"";"";"";
"Objectifs et conditions de la validation des acquis de l&apos;expérience ";"42644";" 666813, 674478";"";"";"1";"1";"2";"2";"2";"";"1";"";"1";"";"X";"";"";"";
"Les étapes de la validation des acquis de l&apos;expérience ";"42644";"792400,  437952";"";"";"1";"1";"2";"2";"2";"";"1";"";"1";"";"X";"";"";"";
"Ma 1re année en prépa BCPST (biologie, chimie, physique et sciences de la Terre)";"";"885800, 889495";"";"1";"2";"";"2";"2";"";"1";"";"";"2";"";"X";"";"";"";
"Ma 1re année en licence de droit";"";"877938, 881597";"";"1";"2";"";"2";"2";"";"1";"";"";"2";"";"X";"";"";"";
"Ma 1re année en prépa PCSI (physique, chimie, sciences de l’ingénieur)";"";"868474, 872139";"";"1";"2";"";"2";"2";"";"1";"";"";"2";"";"";"";"";"";
"Ma 1re année en prépa ECE (économique et commerciale, option économique)";"";"867714, 871355";"";"1";"2";"";"2";"2";"";"1";"";"";"2";"";"X";"";"";"";
"Ma première année en BTS design de produits ";"";"866775, 870431";"";"1";"2";"";"2";"2";"";"1";"";"";"2";"";"X";"";"";"";
"Ma 1re année en BTS électrotechnique";"";"859389, 863101";"";"1";"2";"";"2";"2";"";"1";"";"";"2";"";"X";"";"";"";
"Ma 1re année en cycle préparatoire ingénieur";"";"853242, 856928";"";"1";"2";"";"2";"2";"";"1";"";"";"2";"";"X";"";"";"";
"Ma 1re année en école d&apos;ingénieurs en génie urbain";"";"853242, 856928";"";"1";"2";"";"2";"2";"";"1";"";"";"2";"";"X";"";"";"";
"Ma 1re année en école d&apos;ingénieurs en informatique";"";"844355, 848470";"";"1";"2";"";"2";"2";"";"1";"";"";"2";"";"X";"";"";"";
"Ma 1re année en licence mathématiques-informatique";"";"774820, 783162";"";"1";"2";"";"2";"2";"";"1";"";"";"2";"";"X";"";"";"";
"Ma 1re année en BTS design d&apos;espace";"";"845245, 849170";"";"1";"2";"";"2";"2";"";"1";"";"";"2";"";"X";"";"";"";
"Ma 1re année en licence pro du bâtiment";"";"810648, 819039";"";"1";"2";"";"2";"2";"";"1";"";"";"2";"";"X";"";"";"";
"Ma 1re année en bac STI2D, spécialité énergies et environnement ";"";"790348,  798797";"";"1";"2";"";"2";"2";"";"1";"";"";"2";"";"X";"";"";"";
"Ma 1re année en bac STL (sciences et technologies de laboratoire) ";"";"790352, 798802";"";"1";"2";"";"2";"2";"";"1";"";"";"2";"";"X";"";"";"";
"Ma 1re année en BTS tourisme";"";"760161, 768349";"";"1";"2";"";"2";"2";"";"1";"";"";"2";"";"X";"";"";"";
"Ma 1re année en BTS communication";"";"740459, 748501";"";"1";"2";"";"2";"2";"";"1";"";"";"2";"";"X";"";"";"";
"Ma 1re année en BTS design graphique ";"";"803950, 812526";"";"1";"2";"";"2";"2";"";"1";"";"";"2";"";"X";"";"";"";
"Ma 1re année en BTS NRC";"";"695094, 702978";"";"1";"2";"";"2";"2";"";"1";"";"";"2";"";"X";"";"";"";
"Ma 1re année en BTS moteurs à combustion interne (MCI)";"";"702302, 710271";"";"1";"2";"";"2";"2";"";"1";"";"";"2";"";"X";"";"";"";
"Ma 1re année en BTS design de mode";"";"702318, 710288";"";"1";"2";"";"2";"2";"";"1";"";"";"2";"";"X";"";"";"";
"Ma 1re année en BTS métiers de la mode vêtement";"";"731729, 739754";"";"1";"2";"";"2";"2";"";"1";"";"";"2";"";"X";"";"";"";
"Ma 1re année en DUT informatique";"";"703108, 711122";"";"1";"2";"";"2";"2";"";"1";"";"";"2";"";"X";"";"";"";
"Ma 1re année en DCG (diplôme de comptabilité et de gestion)";"";"674620, 682329";"";"1";"2";"";"2";"2";"";"1";"";"";"2";"";"X";"";"";"";
"Ma 1re année en Manaa (mise à niveau en arts appliqués)";"";"812981, 820636";"";"1";"2";"";"2";"2";"";"1";"";"";"2";"";"X";"";"";"";
"Ma 1re année en licence LLCE (langues, littératures et civilisations étrangères)";"";"675131, 682844";"";"1";"2";"";"2";"2";"";"1";"";"";"2";"";"X";"";"";"";
"Ma 1re année en licence de lettres";"";"675141, 682863";"";"1";"2";"";"2";"2";"";"1";"";"";"2";"";"X";"";"";"";
"Ma 1re année en prépa économique (ECT)";"";"674786, 682490";"";"1";"2";"";"2";"2";"";"1";"";"";"2";"";"X";"";"";"";
"Ma 1re année en prépa lettres et sciences sociales";"";"674825, 682525";"";"1";"2";"";"2";"2";"";"1";"";"";"2";"";"X";"";"";"";
"Ma 1re année en... prépa MPSI";"";"716283, 724487";"";"1";"2";"";"2";"2";"";"1";"";"";"2";"";"X";"";"";"";
"Ma 1re année en prépa TSI (technologie et sciences industrielles)";"";"790344, 798793";"";"1";"2";"";"2";"2";"";"1";"";"";"2";"";"X";"";"";"";
"Ma 1re année en bac pro CGEH (conduite et gestion de l’entreprise hippique)";"";"790344, 798793";"";"1";"2";"";"2";"2";"";"1";"";"";"2";"";"X";"";"";"";
"Ma 1re année en bac STAV";"";"722857, 731059";"";"1";"2";"";"2";"2";"";"1";"";"";"2";"";"X";"";"";"";
"Ma 1ère année en bac STD2A ";"";"820316, 827520";"";"1";"2";"";"2";"2";"";"1";"";"";"2";"";"X";"";"";"";
"Ma 1re année en licence pro protection civile et sécurité des populations";"";"886676, 890403";"";"";"1";"";"2";"2";"";"1";"";"";"2";"";"X";"";"";"";
